Workbook

Sheet PETUNJUK
B1: Mantam Product
B2: Budget vs Aktual
B3: Bandingkan anggaran dengan realisasi per departemen dan akun, lengkap dengan status otomatis dan proyeksi setahun.
B5: Lisensi | C5: VERSI DEMO. Kapasitas dan fitur dibatasi. Pesan versi lengkap: WhatsApp 089623291732
B7: Cara memakai
B8: Langkah 1 | C8: Isi daftar departemen dan akun di MASTER.
B9: Langkah 2 | C9: Masukkan anggaran dan realisasi per bulan di DATA (satu baris = departemen × akun × bulan). Realisasi bulan yang belum berjalan dikosongkan.
B10: Langkah 3 | C10: Pilih departemen, bulan s/d, dan toleransi di PARAMETER.
B11: Langkah 4 | C11: Baca VARIANS: selisih positif berarti hemat, negatif berarti melebihi anggaran.
B13: Isi berkas
B14: PARAMETER | C14: Pilih departemen (atau Semua), bulan s/d, dan toleransi varians.
B15: MASTER | C15: Daftar departemen dan akun beban.
B16: DATA | C16: Tabel anggaran dan realisasi per departemen × akun × bulan (kapasitas 150 baris).
B17: VARIANS | C17: Budget vs aktual YTD per akun, selisih, persentase, status (Over Budget / On Track / Hemat), dan grafik.
B19: Legenda warna
B20: Teks biru | C20: Sel input: boleh Anda ubah (tidak terkunci).
B21: Sel kuning | C21: Parameter kunci: periksa terlebih dulu.
B22: Teks hitam | C22: Rumus otomatis (terkunci; Review > Unprotect Sheet tanpa kata sandi bila perlu).
B24: Catatan
C25: • Seluruh data adalah simulasi buatan, bukan data perusahaan nyata.
C26: • Hasil perhitungan adalah alat bantu; verifikasi dengan akuntan/konsultan sebelum dipakai untuk keputusan atau pelaporan resmi.
C27: • Proyeksi setahun = realisasi YTD + anggaran sisa bulan (metode sederhana).

Sheet PARAMETER
A1: Parameter
A2: Isi sel kuning.
A3: VERSI DEMO: kapasitas & fitur dibatasi, data simulasi. Versi lengkap: WhatsApp 089623291732
B5: Departemen | C5: Semua | D5: Pilih 'Semua' untuk seluruh departemen
B6: Bulan s/d (1-12) | C6: 4 | D6: Hanya sampai bulan yang sudah ada realisasinya
B7: Toleransi varians | C7: 0.05 | D7: Di atas batas ini dianggap Over Budget / Hemat

Sheet MASTER
A1: Master
A2: Nama harus sama persis dengan yang dipakai di DATA
A3: VERSI DEMO: kapasitas & fitur dibatasi, data simulasi. Versi lengkap: WhatsApp 089623291732
A5: Departemen | C5: Akun beban | J5: Semua
A6: Operasional | C6: Gaji & Tunjangan | J6: =IF(A6="","",A6)
A7: Pemasaran | C7: Perjalanan Dinas | J7: =IF(A7="","",A7)
A8: Keuangan | C8: Pemasaran & Iklan | J8: =IF(A8="","",A8)
C9: Utilitas | J9: =IF(A9="","",A9)
C10: Perlengkapan | J10: =IF(A10="","",A10)
C11: Pelatihan | J11: =IF(A11="","",A11)
J12: =IF(A12="","",A12)
J13: =IF(A13="","",A13)

Sheet DATA
A1: Data Anggaran & Realisasi
A2: Kapasitas 150 baris
A3: VERSI DEMO: kapasitas & fitur dibatasi, data simulasi. Versi lengkap: WhatsApp 089623291732
A5: Departemen | B5: Akun | C5: Bulan (1-12) | D5: Anggaran (Rp) | E5: Realisasi (Rp)
A6: Operasional | B6: Gaji & Tunjangan | C6: 1 | D6: 16660000 | E6: 15960000
A7: Operasional | B7: Gaji & Tunjangan | C7: 2 | D7: 17340000 | E7: 18210000
A8: Operasional | B8: Gaji & Tunjangan | C8: 3 | D8: 18020000 | E8: 17330000
A9: Operasional | B9: Gaji & Tunjangan | C9: 4 | D9: 15980000 | E9: 15290000
A10: Operasional | B10: Gaji & Tunjangan | C10: 5 | D10: 16660000
A11: Operasional | B11: Gaji & Tunjangan | C11: 6 | D11: 17340000
A12: Operasional | B12: Perjalanan Dinas | C12: 1 | D12: 29400000 | E12: 31450000
A13: Operasional | B13: Perjalanan Dinas | C13: 2 | D13: 30600000 | E13: 35980000
A14: Operasional | B14: Perjalanan Dinas | C14: 3 | D14: 31800000 | E14: 27610000
A15: Operasional | B15: Perjalanan Dinas | C15: 4 | D15: 28200000 | E15: 30530000
A16: Operasional | B16: Perjalanan Dinas | C16: 5 | D16: 29400000
A17: Operasional | B17: Perjalanan Dinas | C17: 6 | D17: 30600000
A18: Operasional | B18: Pemasaran & Iklan | C18: 1 | D18: 15680000 | E18: 18500000
A19: Operasional | B19: Pemasaran & Iklan | C19: 2 | D19: 16320000 | E19: 19440000
A20: Operasional | B20: Pemasaran & Iklan | C20: 3 | D20: 16960000 | E20: 21390000
A21: Operasional | B21: Pemasaran & Iklan | C21: 4 | D21: 15040000 | E21: 12860000
A22: Operasional | B22: Pemasaran & Iklan | C22: 5 | D22: 15680000
A23: Operasional | B23: Pemasaran & Iklan | C23: 6 | D23: 16320000
A24: Operasional | B24: Utilitas | C24: 1 | D24: 40180000 | E24: 41280000
A25: Operasional | B25: Utilitas | C25: 2 | D25: 41820000 | E25: 46510000
A26: Operasional | B26: Utilitas | C26: 3 | D26: 43460000 | E26: 39160000
A27: Operasional | B27: Utilitas | C27: 4 | D27: 38540000 | E27: 46620000
A28: Operasional | B28: Utilitas | C28: 5 | D28: 40180000
A29: Operasional | B29: Utilitas | C29: 6 | D29: 41820000
A30: Operasional | B30: Perlengkapan | C30: 1 | D30: 37240000 | E30: 43900000
A31: Operasional | B31: Perlengkapan | C31: 2 | D31: 38760000 | E31: 34810000
A32: Operasional | B32: Perlengkapan | C32: 3 | D32: 40280000 | E32: 36180000
A33: Operasional | B33: Perlengkapan | C33: 4 | D33: 35720000 | E33: 32680000
A34: Operasional | B34: Perlengkapan | C34: 5 | D34: 37240000
A35: Operasional | B35: Perlengkapan | C35: 6 | D35: 38760000
A36: Operasional | B36: Pelatihan | C36: 1 | D36: 38220000 | E36: 45580000
A37: Operasional | B37: Pelatihan | C37: 2 | D37: 39780000 | E37: 39060000
A38: Operasional | B38: Pelatihan | C38: 3 | D38: 41340000 | E38: 43550000
A39: Operasional | B39: Pelatihan | C39: 4 | D39: 36660000 | E39: 38920000
A40: Operasional | B40: Pelatihan | C40: 5 | D40: 38220000
A41: Operasional | B41: Pelatihan | C41: 6 | D41: 39780000
A42: Pemasaran | B42: Gaji & Tunjangan | C42: 1 | D42: 32340000 | E42: 36700000
A43: Pemasaran | B43: Gaji & Tunjangan | C43: 2 | D43: 33660000 | E43: 33800000
A44: Pemasaran | B44: Gaji & Tunjangan | C44: 3 | D44: 34980000 | E44: 37330000
A45: Pemasaran | B45: Gaji & Tunjangan | C45: 4 | D45: 31020000 | E45: 35000000
A46: Pemasaran | B46: Gaji & Tunjangan | C46: 5 | D46: 32340000
A47: Pemasaran | B47: Gaji & Tunjangan | C47: 6 | D47: 33660000
A48: Pemasaran | B48: Perjalanan Dinas | C48: 1 | D48: 48020000 | E48: 51810000
A49: Pemasaran | B49: Perjalanan Dinas | C49: 2 | D49: 49980000 | E49: 52180000
A50: Pemasaran | B50: Perjalanan Dinas | C50: 3 | D50: 51940000 | E50: 44270000
A51: Pemasaran | B51: Perjalanan Dinas | C51: 4 | D51: 46060000 | E51: 48900000
A52: Pemasaran | B52: Perjalanan Dinas | C52: 5 | D52: 48020000
A53: Pemasaran | B53: Perjalanan Dinas | C53: 6 | D53: 49980000
A54: Pemasaran | B54: Pemasaran & Iklan | C54: 1 | D54: 34300000 | E54: 29350000
A55: Pemasaran | B55: Pemasaran & Iklan | C55: 2 | D55: 35700000 | E55: 35850000
A56: Pemasaran | B56: Pemasaran & Iklan | C56: 3 | D56: 37100000 | E56: 41200000
A57: Pemasaran | B57: Pemasaran & Iklan | C57: 4 | D57: 32900000 | E57: 37460000
A58: Pemasaran | B58: Pemasaran & Iklan | C58: 5 | D58: 34300000
A59: Pemasaran | B59: Pemasaran & Iklan | C59: 6 | D59: 35700000
A60: Pemasaran | B60: Utilitas | C60: 1 | D60: 36260000 | E60: 34140000
A61: Pemasaran | B61: Utilitas | C61: 2 | D61: 37740000 | E61: 41320000
A62: Pemasaran | B62: Utilitas | C62: 3 | D62: 39220000 | E62: 32860000
A63: Pemasaran | B63: Utilitas | C63: 4 | D63: 34780000 | E63: 31650000
A64: Pemasaran | B64: Utilitas | C64: 5 | D64: 36260000
A65: Pemasaran | B65: Utilitas | C65: 6 | D65: 37740000
A66: Pemasaran | B66: Perlengkapan | C66: 1 | D66: 21560000 | E66: 26310000
A67: Pemasaran | B67: Perlengkapan | C67: 2 | D67: 22440000 | E67: 25590000
A68: Pemasaran | B68: Perlengkapan | C68: 3 | D68: 23320000 | E68: 27860000
A69: Pemasaran | B69: Perlengkapan | C69: 4 | D69: 20680000 | E69: 18820000
A70: Pemasaran | B70: Perlengkapan | C70: 5 | D70: 21560000
A71: Pemasaran | B71: Perlengkapan | C71: 6 | D71: 22440000
A72: Pemasaran | B72: Pelatihan | C72: 1 | D72: 42140000 | E72: 39420000
A73: Pemasaran | B73: Pelatihan | C73: 2 | D73: 43860000 | E73: 46830000
A74: Pemasaran | B74: Pelatihan | C74: 3 | D74: 45580000 | E74: 46640000
A75: Pemasaran | B75: Pelatihan | C75: 4 | D75: 40420000 | E75: 42100000
A76: Pemasaran | B76: Pelatihan | C76: 5 | D76: 42140000
A77: Pemasaran | B77: Pelatihan | C77: 6 | D77: 43860000
A78: Keuangan | B78: Gaji & Tunjangan | C78: 1 | D78: 8820000 | E78: 10280000
A79: Keuangan | B79: Gaji & Tunjangan | C79: 2 | D79: 9180000 | E79: 8120000
A80: Keuangan | B80: Gaji & Tunjangan | C80: 3 | D80: 9540000 | E80: 8810000
A81: Keuangan | B81: Gaji & Tunjangan | C81: 4 | D81: 8460000 | E81: 8750000
A82: Keuangan | B82: Gaji & Tunjangan | C82: 5 | D82: 8820000
A83: Keuangan | B83: Gaji & Tunjangan | C83: 6 | D83: 9180000
A84: Keuangan | B84: Perjalanan Dinas | C84: 1 | D84: 11760000 | E84: 11240000
A85: Keuangan | B85: Perjalanan Dinas | C85: 2 | D85: 12240000 | E85: 13250000
A86: Keuangan | B86: Perjalanan Dinas | C86: 3 | D86: 12720000 | E86: 13290000
A87: Keuangan | B87: Perjalanan Dinas | C87: 4 | D87: 11280000 | E87: 10380000
A88: Keuangan | B88: Perjalanan Dinas | C88: 5 | D88: 11760000
A89: Keuangan | B89: Perjalanan Dinas | C89: 6 | D89: 12240000
A90: Keuangan | B90: Pemasaran & Iklan | C90: 1 | D90: 32340000 | E90: 32510000
A91: Keuangan | B91: Pemasaran & Iklan | C91: 2 | D91: 33660000 | E91: 36560000
A92: Keuangan | B92: Pemasaran & Iklan | C92: 3 | D92: 34980000 | E92: 31990000
A93: Keuangan | B93: Pemasaran & Iklan | C93: 4 | D93: 31020000 | E93: 30780000
A94: Keuangan | B94: Pemasaran & Iklan | C94: 5 | D94: 32340000
A95: Keuangan | B95: Pemasaran & Iklan | C95: 6 | D95: 33660000
A96: Keuangan | B96: Utilitas | C96: 1 | D96: 5880000 | E96: 7110000
A97: Keuangan | B97: Utilitas | C97: 2 | D97: 6120000 | E97: 4770000
A98: Keuangan | B98: Utilitas | C98: 3 | D98: 6360000 | E98: 6020000
A99: Keuangan | B99: Utilitas | C99: 4 | D99: 5640000 | E99: 6230000
A100: Keuangan | B100: Utilitas | C100: 5 | D100: 5880000
A101: Keuangan | B101: Utilitas | C101: 6 | D101: 6120000
...

Sheet VARIANS
A1: Analisis Varians
A2: ="Departemen: "&PARAMETER!C5&" | Januari s/d bulan ke-"&PARAMETER!C6&" | Toleransi "&TEXT(PARAMETER!C7,"0%")
A3: VERSI DEMO: kapasitas & fitur dibatasi, data simulasi. Versi lengkap: WhatsApp 089623291732
A5: Akun | B5: Anggaran YTD (Rp) | C5: Realisasi YTD (Rp) | D5: Selisih (Rp) | E5: Selisih (%) | F5: Status
A6: =IF(MASTER!C6="","",MASTER!C6) | B6: =IF($A6="","",SUMIFS(DATA!$D$6:$D$155,DATA!$A$6:$A$155,IF(PARAMETER!$C$5="Semua","*",PARAMETER!$C$5),DATA!$B$6:$B$155,$A6,DATA!$C$6:$C$155,"<="&PARAMETER!$C$6)) | C6: =IF($A6="","",SUMIFS(DATA!$E$6:$E$155,DATA!$A$6:$A$155,IF(PARAMETER!$C$5="Semua","*",PARAMETER!$C$5),DATA!$B$6:$B$155,$A6,DATA!$C$6:$C$155,"<="&PARAMETER!$C$6)) | D6: =IF($A6="","",B6-C6) | E6: =IF($A6="","",IF(B6=0,0,D6/B6)) | F6: =IF($A6="","",IF(B6=0,"-",IF(C6>B6*(1+PARAMETER!$C$7),"Over Budget",IF(C6<B6*(1-PARAMETER!$C$7),"Hemat","On Track"))))
A7: =IF(MASTER!C7="","",MASTER!C7) | B7: =IF($A7="","",SUMIFS(DATA!$D$6:$D$155,DATA!$A$6:$A$155,IF(PARAMETER!$C$5="Semua","*",PARAMETER!$C$5),DATA!$B$6:$B$155,$A7,DATA!$C$6:$C$155,"<="&PARAMETER!$C$6)) | C7: =IF($A7="","",SUMIFS(DATA!$E$6:$E$155,DATA!$A$6:$A$155,IF(PARAMETER!$C$5="Semua","*",PARAMETER!$C$5),DATA!$B$6:$B$155,$A7,DATA!$C$6:$C$155,"<="&PARAMETER!$C$6)) | D7: =IF($A7="","",B7-C7) | E7: =IF($A7="","",IF(B7=0,0,D7/B7)) | F7: =IF($A7="","",IF(B7=0,"-",IF(C7>B7*(1+PARAMETER!$C$7),"Over Budget",IF(C7<B7*(1-PARAMETER!$C$7),"Hemat","On Track"))))
A8: =IF(MASTER!C8="","",MASTER!C8) | B8: =IF($A8="","",SUMIFS(DATA!$D$6:$D$155,DATA!$A$6:$A$155,IF(PARAMETER!$C$5="Semua","*",PARAMETER!$C$5),DATA!$B$6:$B$155,$A8,DATA!$C$6:$C$155,"<="&PARAMETER!$C$6)) | C8: =IF($A8="","",SUMIFS(DATA!$E$6:$E$155,DATA!$A$6:$A$155,IF(PARAMETER!$C$5="Semua","*",PARAMETER!$C$5),DATA!$B$6:$B$155,$A8,DATA!$C$6:$C$155,"<="&PARAMETER!$C$6)) | D8: =IF($A8="","",B8-C8) | E8: =IF($A8="","",IF(B8=0,0,D8/B8)) | F8: =IF($A8="","",IF(B8=0,"-",IF(C8>B8*(1+PARAMETER!$C$7),"Over Budget",IF(C8<B8*(1-PARAMETER!$C$7),"Hemat","On Track"))))
A9: =IF(MASTER!C9="","",MASTER!C9) | B9: =IF($A9="","",SUMIFS(DATA!$D$6:$D$155,DATA!$A$6:$A$155,IF(PARAMETER!$C$5="Semua","*",PARAMETER!$C$5),DATA!$B$6:$B$155,$A9,DATA!$C$6:$C$155,"<="&PARAMETER!$C$6)) | C9: =IF($A9="","",SUMIFS(DATA!$E$6:$E$155,DATA!$A$6:$A$155,IF(PARAMETER!$C$5="Semua","*",PARAMETER!$C$5),DATA!$B$6:$B$155,$A9,DATA!$C$6:$C$155,"<="&PARAMETER!$C$6)) | D9: =IF($A9="","",B9-C9) | E9: =IF($A9="","",IF(B9=0,0,D9/B9)) | F9: =IF($A9="","",IF(B9=0,"-",IF(C9>B9*(1+PARAMETER!$C$7),"Over Budget",IF(C9<B9*(1-PARAMETER!$C$7),"Hemat","On Track"))))
A10: =IF(MASTER!C10="","",MASTER!C10) | B10: =IF($A10="","",SUMIFS(DATA!$D$6:$D$155,DATA!$A$6:$A$155,IF(PARAMETER!$C$5="Semua","*",PARAMETER!$C$5),DATA!$B$6:$B$155,$A10,DATA!$C$6:$C$155,"<="&PARAMETER!$C$6)) | C10: =IF($A10="","",SUMIFS(DATA!$E$6:$E$155,DATA!$A$6:$A$155,IF(PARAMETER!$C$5="Semua","*",PARAMETER!$C$5),DATA!$B$6:$B$155,$A10,DATA!$C$6:$C$155,"<="&PARAMETER!$C$6)) | D10: =IF($A10="","",B10-C10) | E10: =IF($A10="","",IF(B10=0,0,D10/B10)) | F10: =IF($A10="","",IF(B10=0,"-",IF(C10>B10*(1+PARAMETER!$C$7),"Over Budget",IF(C10<B10*(1-PARAMETER!$C$7),"Hemat","On Track"))))
A11: =IF(MASTER!C11="","",MASTER!C11) | B11: =IF($A11="","",SUMIFS(DATA!$D$6:$D$155,DATA!$A$6:$A$155,IF(PARAMETER!$C$5="Semua","*",PARAMETER!$C$5),DATA!$B$6:$B$155,$A11,DATA!$C$6:$C$155,"<="&PARAMETER!$C$6)) | C11: =IF($A11="","",SUMIFS(DATA!$E$6:$E$155,DATA!$A$6:$A$155,IF(PARAMETER!$C$5="Semua","*",PARAMETER!$C$5),DATA!$B$6:$B$155,$A11,DATA!$C$6:$C$155,"<="&PARAMETER!$C$6)) | D11: =IF($A11="","",B11-C11) | E11: =IF($A11="","",IF(B11=0,0,D11/B11)) | F11: =IF($A11="","",IF(B11=0,"-",IF(C11>B11*(1+PARAMETER!$C$7),"Over Budget",IF(C11<B11*(1-PARAMETER!$C$7),"Hemat","On Track"))))
A12: =IF(MASTER!C12="","",MASTER!C12) | B12: =IF($A12="","",SUMIFS(DATA!$D$6:$D$155,DATA!$A$6:$A$155,IF(PARAMETER!$C$5="Semua","*",PARAMETER!$C$5),DATA!$B$6:$B$155,$A12,DATA!$C$6:$C$155,"<="&PARAMETER!$C$6)) | C12: =IF($A12="","",SUMIFS(DATA!$E$6:$E$155,DATA!$A$6:$A$155,IF(PARAMETER!$C$5="Semua","*",PARAMETER!$C$5),DATA!$B$6:$B$155,$A12,DATA!$C$6:$C$155,"<="&PARAMETER!$C$6)) | D12: =IF($A12="","",B12-C12) | E12: =IF($A12="","",IF(B12=0,0,D12/B12)) | F12: =IF($A12="","",IF(B12=0,"-",IF(C12>B12*(1+PARAMETER!$C$7),"Over Budget",IF(C12<B12*(1-PARAMETER!$C$7),"Hemat","On Track"))))
A13: =IF(MASTER!C13="","",MASTER!C13) | B13: =IF($A13="","",SUMIFS(DATA!$D$6:$D$155,DATA!$A$6:$A$155,IF(PARAMETER!$C$5="Semua","*",PARAMETER!$C$5),DATA!$B$6:$B$155,$A13,DATA!$C$6:$C$155,"<="&PARAMETER!$C$6)) | C13: =IF($A13="","",SUMIFS(DATA!$E$6:$E$155,DATA!$A$6:$A$155,IF(PARAMETER!$C$5="Semua","*",PARAMETER!$C$5),DATA!$B$6:$B$155,$A13,DATA!$C$6:$C$155,"<="&PARAMETER!$C$6)) | D13: =IF($A13="","",B13-C13) | E13: =IF($A13="","",IF(B13=0,0,D13/B13)) | F13: =IF($A13="","",IF(B13=0,"-",IF(C13>B13*(1+PARAMETER!$C$7),"Over Budget",IF(C13<B13*(1-PARAMETER!$C$7),"Hemat","On Track"))))
A14: =IF(MASTER!C14="","",MASTER!C14) | B14: =IF($A14="","",SUMIFS(DATA!$D$6:$D$155,DATA!$A$6:$A$155,IF(PARAMETER!$C$5="Semua","*",PARAMETER!$C$5),DATA!$B$6:$B$155,$A14,DATA!$C$6:$C$155,"<="&PARAMETER!$C$6)) | C14: =IF($A14="","",SUMIFS(DATA!$E$6:$E$155,DATA!$A$6:$A$155,IF(PARAMETER!$C$5="Semua","*",PARAMETER!$C$5),DATA!$B$6:$B$155,$A14,DATA!$C$6:$C$155,"<="&PARAMETER!$C$6)) | D14: =IF($A14="","",B14-C14) | E14: =IF($A14="","",IF(B14=0,0,D14/B14)) | F14: =IF($A14="","",IF(B14=0,"-",IF(C14>B14*(1+PARAMETER!$C$7),"Over Budget",IF(C14<B14*(1-PARAMETER!$C$7),"Hemat","On Track"))))
A15: =IF(MASTER!C15="","",MASTER!C15) | B15: =IF($A15="","",SUMIFS(DATA!$D$6:$D$155,DATA!$A$6:$A$155,IF(PARAMETER!$C$5="Semua","*",PARAMETER!$C$5),DATA!$B$6:$B$155,$A15,DATA!$C$6:$C$155,"<="&PARAMETER!$C$6)) | C15: =IF($A15="","",SUMIFS(DATA!$E$6:$E$155,DATA!$A$6:$A$155,IF(PARAMETER!$C$5="Semua","*",PARAMETER!$C$5),DATA!$B$6:$B$155,$A15,DATA!$C$6:$C$155,"<="&PARAMETER!$C$6)) | D15: =IF($A15="","",B15-C15) | E15: =IF($A15="","",IF(B15=0,0,D15/B15)) | F15: =IF($A15="","",IF(B15=0,"-",IF(C15>B15*(1+PARAMETER!$C$7),"Over Budget",IF(C15<B15*(1-PARAMETER!$C$7),"Hemat","On Track"))))
A16: =IF(MASTER!C16="","",MASTER!C16) | B16: =IF($A16="","",SUMIFS(DATA!$D$6:$D$155,DATA!$A$6:$A$155,IF(PARAMETER!$C$5="Semua","*",PARAMETER!$C$5),DATA!$B$6:$B$155,$A16,DATA!$C$6:$C$155,"<="&PARAMETER!$C$6)) | C16: =IF($A16="","",SUMIFS(DATA!$E$6:$E$155,DATA!$A$6:$A$155,IF(PARAMETER!$C$5="Semua","*",PARAMETER!$C$5),DATA!$B$6:$B$155,$A16,DATA!$C$6:$C$155,"<="&PARAMETER!$C$6)) | D16: =IF($A16="","",B16-C16) | E16: =IF($A16="","",IF(B16=0,0,D16/B16)) | F16: =IF($A16="","",IF(B16=0,"-",IF(C16>B16*(1+PARAMETER!$C$7),"Over Budget",IF(C16<B16*(1-PARAMETER!$C$7),"Hemat","On Track"))))
A17: =IF(MASTER!C17="","",MASTER!C17) | B17: =IF($A17="","",SUMIFS(DATA!$D$6:$D$155,DATA!$A$6:$A$155,IF(PARAMETER!$C$5="Semua","*",PARAMETER!$C$5),DATA!$B$6:$B$155,$A17,DATA!$C$6:$C$155,"<="&PARAMETER!$C$6)) | C17: =IF($A17="","",SUMIFS(DATA!$E$6:$E$155,DATA!$A$6:$A$155,IF(PARAMETER!$C$5="Semua","*",PARAMETER!$C$5),DATA!$B$6:$B$155,$A17,DATA!$C$6:$C$155,"<="&PARAMETER!$C$6)) | D17: =IF($A17="","",B17-C17) | E17: =IF($A17="","",IF(B17=0,0,D17/B17)) | F17: =IF($A17="","",IF(B17=0,"-",IF(C17>B17*(1+PARAMETER!$C$7),"Over Budget",IF(C17<B17*(1-PARAMETER!$C$7),"Hemat","On Track"))))
A18: TOTAL | B18: =SUM(B6:B17) | C18: =SUM(C6:C17) | D18: =SUM(D6:D17) | E18: =IF(B18=0,0,D18/B18)
