Workbook

Sheet PETUNJUK
B1: Mantam Product
B2: Proyeksi Arus Kas (Demo 8 Minggu)
B3: Rencanakan kas mingguan, deteksi minggu rawan kekurangan kas, dan uji skenario sebelum keputusan pengeluaran besar.
B5: Lisensi | C5: VERSI DEMO. Kapasitas dan fitur dibatasi. Pesan versi lengkap: WhatsApp 089623291732
B7: Cara memakai
B8: Langkah 1 | C8: Isi saldo kas awal, tanggal minggu-1, dan saldo minimum di PARAMETER.
B9: Langkah 2 | C9: Masukkan asumsi penerimaan dan pengeluaran tiap minggu di INPUT_BASE (sel biru).
B10: Langkah 3 | C10: Baca ARUS_KAS: saldo akhir dan status AMAN / WASPADA / DEFISIT tiap minggu.
B12: Isi berkas
B13: PARAMETER | C13: Saldo kas awal, tanggal mulai, saldo minimum kebijakan.
B14: INPUT_BASE | C14: Asumsi penerimaan dan pengeluaran per minggu (8 minggu) untuk skenario dasar.
B15: ARUS_KAS | C15: Proyeksi arus kas mingguan, saldo awal-akhir, status saldo, dan grafik.
B17: Legenda warna
B18: Teks biru | C18: Sel input: boleh Anda ubah (tidak terkunci).
B19: Sel kuning | C19: Parameter kunci: periksa terlebih dulu.
B20: Teks hitam | C20: Rumus otomatis (terkunci; Review > Unprotect Sheet tanpa kata sandi bila perlu).
B22: Catatan
C23: • Seluruh data adalah simulasi buatan, bukan data perusahaan nyata.
C24: • Hasil perhitungan adalah alat bantu; verifikasi dengan akuntan/konsultan sebelum dipakai untuk keputusan atau pelaporan resmi.
C25: • Status WASPADA = saldo akhir di bawah saldo minimum kebijakan; DEFISIT = saldo negatif.

Sheet PARAMETER
A1: Parameter
A2: Isi sel kuning.
A3: VERSI DEMO: kapasitas & fitur dibatasi, data simulasi. Versi lengkap: WhatsApp 089623291732
B5: Saldo kas awal (Rp) | C5: 250000000
B6: Tanggal mulai minggu 1 (Senin) | C6: 46328
B7: Saldo minimum kebijakan (Rp) | C7: 100000000
B8: Skenario | C8: Base (demo)
B9: Pengali penerimaan | C9: 1
B10: Pengali pengeluaran | C10: 1

Sheet INPUT_BASE
A1: Asumsi Dasar (Skenario Base)
A2: Nilai dalam Rupiah per minggu
A3: VERSI DEMO: kapasitas & fitur dibatasi, data simulasi. Versi lengkap: WhatsApp 089623291732
A5: Uraian | B5: M1 | C5: M2 | D5: M3 | E5: M4 | F5: M5 | G5: M6 | H5: M7 | I5: M8 | J5: Total
A6: Mulai minggu | B6: =PARAMETER!$C$6+0 | C6: =PARAMETER!$C$6+7 | D6: =PARAMETER!$C$6+14 | E6: =PARAMETER!$C$6+21 | F6: =PARAMETER!$C$6+28 | G6: =PARAMETER!$C$6+35 | H6: =PARAMETER!$C$6+42 | I6: =PARAMETER!$C$6+49
A7: PENERIMAAN
A8: Penjualan tunai | B8: 77000000 | C8: 67100000 | D8: 58600000 | E8: 66600000 | F8: 65100000 | G8: 62100000 | H8: 68900000 | I8: 75900000 | J8: =SUM(B8:I8)
A9: Penagihan piutang | B9: 51100000 | C9: 97200000 | D9: 61400000 | E9: 83600000 | F9: 50500000 | G9: 84300000 | H9: 54700000 | I9: 85100000 | J9: =SUM(B9:I9)
A10: Pendapatan lain | B10: 1400000 | E10: 4100000 | H10: 4000000 | J10: =SUM(B10:I10)
A11: TOTAL PENERIMAAN | B11: =SUM(B8:B10) | C11: =SUM(C8:C10) | D11: =SUM(D8:D10) | E11: =SUM(E8:E10) | F11: =SUM(F8:F10) | G11: =SUM(G8:G10) | H11: =SUM(H8:H10) | I11: =SUM(I8:I10) | J11: =SUM(J8:J10)
A12: PENGELUARAN
A13: Pembelian & pemasok | B13: 66200000 | C13: 70000000 | D13: 78400000 | E13: 68100000 | F13: 67700000 | G13: 65000000 | H13: 68100000 | I13: 68400000 | J13: =SUM(B13:I13)
A14: Gaji & tunjangan | E14: 78000000 | I14: 78000000 | J14: =SUM(B14:I14)
A15: Sewa & utilitas | B15: 26000000 | C15: 2800000 | D15: 2600000 | E15: 2600000 | F15: 26000000 | G15: 2300000 | H15: 3200000 | I15: 3000000 | J15: =SUM(B15:I15)
A16: Pajak | F16: 14000000 | J16: =SUM(B16:I16)
A17: Cicilan pinjaman | B17: 32000000 | F17: 32000000 | J17: =SUM(B17:I17)
A18: Operasional lain | B18: 10200000 | C18: 12000000 | D18: 11600000 | E18: 10400000 | F18: 8800000 | G18: 11100000 | H18: 12600000 | I18: 10400000 | J18: =SUM(B18:I18)
A19: TOTAL PENGELUARAN | B19: =SUM(B13:B18) | C19: =SUM(C13:C18) | D19: =SUM(D13:D18) | E19: =SUM(E13:E18) | F19: =SUM(F13:F18) | G19: =SUM(G13:G18) | H19: =SUM(H13:H18) | I19: =SUM(I13:I18) | J19: =SUM(J13:J18)

Sheet ARUS_KAS
A1: Proyeksi Arus Kas Mingguan
A2: ="Skenario: "&PARAMETER!C8&" | Saldo minimum kebijakan: Rp "&TEXT(PARAMETER!C7,"#,##0")
A3: VERSI DEMO: kapasitas & fitur dibatasi, data simulasi. Versi lengkap: WhatsApp 089623291732
A5: Uraian | B5: M1 | C5: M2 | D5: M3 | E5: M4 | F5: M5 | G5: M6 | H5: M7 | I5: M8 | J5: Total
A6: Mulai minggu | B6: =INPUT_BASE!B6 | C6: =INPUT_BASE!C6 | D6: =INPUT_BASE!D6 | E6: =INPUT_BASE!E6 | F6: =INPUT_BASE!F6 | G6: =INPUT_BASE!G6 | H6: =INPUT_BASE!H6 | I6: =INPUT_BASE!I6
A7: PENERIMAAN
A8: Penjualan tunai | B8: =INPUT_BASE!B8*PARAMETER!$C$9 | C8: =INPUT_BASE!C8*PARAMETER!$C$9 | D8: =INPUT_BASE!D8*PARAMETER!$C$9 | E8: =INPUT_BASE!E8*PARAMETER!$C$9 | F8: =INPUT_BASE!F8*PARAMETER!$C$9 | G8: =INPUT_BASE!G8*PARAMETER!$C$9 | H8: =INPUT_BASE!H8*PARAMETER!$C$9 | I8: =INPUT_BASE!I8*PARAMETER!$C$9 | J8: =SUM(B8:I8)
A9: Penagihan piutang | B9: =INPUT_BASE!B9*PARAMETER!$C$9 | C9: =INPUT_BASE!C9*PARAMETER!$C$9 | D9: =INPUT_BASE!D9*PARAMETER!$C$9 | E9: =INPUT_BASE!E9*PARAMETER!$C$9 | F9: =INPUT_BASE!F9*PARAMETER!$C$9 | G9: =INPUT_BASE!G9*PARAMETER!$C$9 | H9: =INPUT_BASE!H9*PARAMETER!$C$9 | I9: =INPUT_BASE!I9*PARAMETER!$C$9 | J9: =SUM(B9:I9)
A10: Pendapatan lain | B10: =INPUT_BASE!B10*PARAMETER!$C$9 | C10: =INPUT_BASE!C10*PARAMETER!$C$9 | D10: =INPUT_BASE!D10*PARAMETER!$C$9 | E10: =INPUT_BASE!E10*PARAMETER!$C$9 | F10: =INPUT_BASE!F10*PARAMETER!$C$9 | G10: =INPUT_BASE!G10*PARAMETER!$C$9 | H10: =INPUT_BASE!H10*PARAMETER!$C$9 | I10: =INPUT_BASE!I10*PARAMETER!$C$9 | J10: =SUM(B10:I10)
A11: TOTAL PENERIMAAN | B11: =SUM(B8:B10) | C11: =SUM(C8:C10) | D11: =SUM(D8:D10) | E11: =SUM(E8:E10) | F11: =SUM(F8:F10) | G11: =SUM(G8:G10) | H11: =SUM(H8:H10) | I11: =SUM(I8:I10) | J11: =SUM(B11:I11)
A12: PENGELUARAN
A13: Pembelian & pemasok | B13: =INPUT_BASE!B13*PARAMETER!$C$10 | C13: =INPUT_BASE!C13*PARAMETER!$C$10 | D13: =INPUT_BASE!D13*PARAMETER!$C$10 | E13: =INPUT_BASE!E13*PARAMETER!$C$10 | F13: =INPUT_BASE!F13*PARAMETER!$C$10 | G13: =INPUT_BASE!G13*PARAMETER!$C$10 | H13: =INPUT_BASE!H13*PARAMETER!$C$10 | I13: =INPUT_BASE!I13*PARAMETER!$C$10 | J13: =SUM(B13:I13)
A14: Gaji & tunjangan | B14: =INPUT_BASE!B14*PARAMETER!$C$10 | C14: =INPUT_BASE!C14*PARAMETER!$C$10 | D14: =INPUT_BASE!D14*PARAMETER!$C$10 | E14: =INPUT_BASE!E14*PARAMETER!$C$10 | F14: =INPUT_BASE!F14*PARAMETER!$C$10 | G14: =INPUT_BASE!G14*PARAMETER!$C$10 | H14: =INPUT_BASE!H14*PARAMETER!$C$10 | I14: =INPUT_BASE!I14*PARAMETER!$C$10 | J14: =SUM(B14:I14)
A15: Sewa & utilitas | B15: =INPUT_BASE!B15*PARAMETER!$C$10 | C15: =INPUT_BASE!C15*PARAMETER!$C$10 | D15: =INPUT_BASE!D15*PARAMETER!$C$10 | E15: =INPUT_BASE!E15*PARAMETER!$C$10 | F15: =INPUT_BASE!F15*PARAMETER!$C$10 | G15: =INPUT_BASE!G15*PARAMETER!$C$10 | H15: =INPUT_BASE!H15*PARAMETER!$C$10 | I15: =INPUT_BASE!I15*PARAMETER!$C$10 | J15: =SUM(B15:I15)
A16: Pajak | B16: =INPUT_BASE!B16*PARAMETER!$C$10 | C16: =INPUT_BASE!C16*PARAMETER!$C$10 | D16: =INPUT_BASE!D16*PARAMETER!$C$10 | E16: =INPUT_BASE!E16*PARAMETER!$C$10 | F16: =INPUT_BASE!F16*PARAMETER!$C$10 | G16: =INPUT_BASE!G16*PARAMETER!$C$10 | H16: =INPUT_BASE!H16*PARAMETER!$C$10 | I16: =INPUT_BASE!I16*PARAMETER!$C$10 | J16: =SUM(B16:I16)
A17: Cicilan pinjaman | B17: =INPUT_BASE!B17*PARAMETER!$C$10 | C17: =INPUT_BASE!C17*PARAMETER!$C$10 | D17: =INPUT_BASE!D17*PARAMETER!$C$10 | E17: =INPUT_BASE!E17*PARAMETER!$C$10 | F17: =INPUT_BASE!F17*PARAMETER!$C$10 | G17: =INPUT_BASE!G17*PARAMETER!$C$10 | H17: =INPUT_BASE!H17*PARAMETER!$C$10 | I17: =INPUT_BASE!I17*PARAMETER!$C$10 | J17: =SUM(B17:I17)
A18: Operasional lain | B18: =INPUT_BASE!B18*PARAMETER!$C$10 | C18: =INPUT_BASE!C18*PARAMETER!$C$10 | D18: =INPUT_BASE!D18*PARAMETER!$C$10 | E18: =INPUT_BASE!E18*PARAMETER!$C$10 | F18: =INPUT_BASE!F18*PARAMETER!$C$10 | G18: =INPUT_BASE!G18*PARAMETER!$C$10 | H18: =INPUT_BASE!H18*PARAMETER!$C$10 | I18: =INPUT_BASE!I18*PARAMETER!$C$10 | J18: =SUM(B18:I18)
A19: TOTAL PENGELUARAN | B19: =SUM(B13:B18) | C19: =SUM(C13:C18) | D19: =SUM(D13:D18) | E19: =SUM(E13:E18) | F19: =SUM(F13:F18) | G19: =SUM(G13:G18) | H19: =SUM(H13:H18) | I19: =SUM(I13:I18) | J19: =SUM(B19:I19)
A20: ARUS KAS BERSIH | B20: =B11-B19 | C20: =C11-C19 | D20: =D11-D19 | E20: =E11-E19 | F20: =F11-F19 | G20: =G11-G19 | H20: =H11-H19 | I20: =I11-I19 | J20: =SUM(B20:I20)
A21: Saldo awal | B21: =PARAMETER!$C$5 | C21: =B22 | D21: =C22 | E21: =D22 | F21: =E22 | G21: =F22 | H21: =G22 | I21: =H22
A22: SALDO AKHIR | B22: =B21+B20 | C22: =C21+C20 | D22: =D21+D20 | E22: =E21+E20 | F22: =F21+F20 | G22: =G21+G20 | H22: =H21+H20 | I22: =I21+I20
A23: Saldo minimum kebijakan | B23: =PARAMETER!$C$7 | C23: =PARAMETER!$C$7 | D23: =PARAMETER!$C$7 | E23: =PARAMETER!$C$7 | F23: =PARAMETER!$C$7 | G23: =PARAMETER!$C$7 | H23: =PARAMETER!$C$7 | I23: =PARAMETER!$C$7
A24: Status | B24: =IF(B22<0,"DEFISIT",IF(B22<B23,"WASPADA","AMAN")) | C24: =IF(C22<0,"DEFISIT",IF(C22<C23,"WASPADA","AMAN")) | D24: =IF(D22<0,"DEFISIT",IF(D22<D23,"WASPADA","AMAN")) | E24: =IF(E22<0,"DEFISIT",IF(E22<E23,"WASPADA","AMAN")) | F24: =IF(F22<0,"DEFISIT",IF(F22<F23,"WASPADA","AMAN")) | G24: =IF(G22<0,"DEFISIT",IF(G22<G23,"WASPADA","AMAN")) | H24: =IF(H22<0,"DEFISIT",IF(H22<H23,"WASPADA","AMAN")) | I24: =IF(I22<0,"DEFISIT",IF(I22<I23,"WASPADA","AMAN"))
