Workbook

Sheet PETUNJUK
B1: Mantam Product
B2: Register Aset Tetap & Penyusutan
B3: Kelola daftar aset tetap, hitung penyusutan otomatis, dan lihat nilai buku kapan saja.
B5: Lisensi | C5: VERSI DEMO. Kapasitas dan fitur dibatasi. Pesan versi lengkap: WhatsApp 089623291732
B7: Cara memakai
B8: Langkah 1 | C8: Isi tanggal laporan di PARAMETER.
B9: Langkah 2 | C9: Catat aset di ASET: kode, nama, kategori, tanggal perolehan, harga, umur ekonomis (tahun), nilai residu.
B10: Langkah 3 | C10: Lihat akumulasi, nilai buku, dan penyusutan tahun berjalan di kolom otomatis.
B11: Langkah 4 | C11: Rekap per kategori ada di RINGKASAN.
B13: Isi berkas
B14: PARAMETER | C14: Tanggal laporan dan daftar kategori aset.
B15: ASET | C15: Register aset (kapasitas 20): harga, umur, residu, metode; akumulasi dan nilai buku otomatis.
B16: RINGKASAN | C16: Rekap per kategori: jumlah, harga perolehan, akumulasi, nilai buku, penyusutan tahun berjalan.
B18: Legenda warna
B19: Teks biru | C19: Sel input: boleh Anda ubah (tidak terkunci).
B20: Sel kuning | C20: Parameter kunci: periksa terlebih dulu.
B21: Teks hitam | C21: Rumus otomatis (terkunci; Review > Unprotect Sheet tanpa kata sandi bila perlu).
B23: Catatan
C24: • Seluruh data adalah simulasi buatan, bukan data perusahaan nyata.
C25: • Hasil perhitungan adalah alat bantu; verifikasi dengan akuntan/konsultan sebelum dipakai untuk keputusan atau pelaporan resmi.
C26: • Penyusutan dimulai pada bulan setelah bulan perolehan.
C27: • Saldo menurun ganda (DDB) dibatasi sampai nilai residu. Umur dan metode pajak/komersial dapat berbeda; sesuaikan kebijakan Anda.

Sheet PARAMETER
A1: Parameter
A2: Isi sel kuning.
A3: VERSI DEMO: kapasitas & fitur dibatasi, data simulasi. Versi lengkap: WhatsApp 089623291732
B5: Tanggal laporan | C5: 46326
B8: KATEGORI ASET
B9: Kategori | C9: Umur umum (tahun) | D9: Keterangan
B10: Bangunan | C10: 20 | D10: Bangunan permanen
B11: Mesin Produksi | C11: 16 | D11: Mesin & peralatan berat
B12: Kendaraan | C12: 8 | D12: Mobil, motor, truk
B13: Peralatan Kantor | C13: 8 | D13: Alat tulis & peralatan
B14: Komputer & IT | C14: 4 | D14: Komputer, server, jaringan
B15: Furnitur | C15: 8 | D15: Meja, kursi, lemari

Sheet ASET
A1: Register Aset Tetap
A2: Kapasitas 20 aset
A3: VERSI DEMO: kapasitas & fitur dibatasi, data simulasi. Versi lengkap: WhatsApp 089623291732
A5: Kode | B5: Nama Aset | C5: Kategori | D5: Tgl Perolehan | E5: Harga Perolehan (Rp) | F5: Umur (tahun) | G5: Nilai Residu (Rp) | H5: Metode | I5: Bulan Berjalan | J5: Penyusutan / Bulan (GL) | K5: Akumulasi (Rp) | L5: Nilai Buku (Rp) | M5: Penyusutan Tahun Berjalan (Rp) | N5: Status
A6: AT-001 | B6: Peralatan Kantor 02-J | C6: Peralatan Kantor | D6: 44313 | E6: 28000000 | F6: 8 | G6: 1400000 | H6: Garis Lurus | I6: =IF(A6="","",MAX(0,(YEAR(PARAMETER!$C$5)-YEAR(D6))*12+MONTH(PARAMETER!$C$5)-MONTH(D6))) | J6: =IF(A6="","",(E6-G6)/(F6*12)) | K6: =IF(A6="","",IF($H6="Garis Lurus",MIN($E6-$G6,$J6*(I6)),IF((I6)>=$F6*12,$E6-$G6,MIN($E6-$G6,$E6-$E6*(1-2/$F6)^INT((I6)/12))+MIN($E6*(1-2/$F6)^INT((I6)/12)*(2/$F6),$E6-$G6-MIN($E6-$G6,$E6-$E6*(1-2/$F6)^INT((I6)/12)))*MOD((I6),12)/12))) | L6: =IF(A6="","",E6-K6) | M6: =IF(A6="","",K6-IF($H6="Garis Lurus",MIN($E6-$G6,$J6*(MAX(0,I6-MONTH(PARAMETER!$C$5)))),IF((MAX(0,I6-MONTH(PARAMETER!$C$5)))>=$F6*12,$E6-$G6,MIN($E6-$G6,$E6-$E6*(1-2/$F6)^INT((MAX(0,I6-MONTH(PARAMETER!$C$5)))/12))+MIN($E6*(1-2/$F6)^INT((MAX(0,I6-MONTH(PARAMETER!$C$5)))/12)*(2/$F6),$E6-$G6-MIN($E6-$G6,$E6-$E6*(1-2/$F6)^INT((MAX(0,I6-MONTH(PARAMETER!$C$5)))/12)))*MOD((MAX(0,I6-MONTH(PARAMETER!$C$5))),12)/12))) | N6: =IF(A6="","",IF(K6>=E6-G6-0.5,"Habis disusutkan","Aktif"))
A7: AT-002 | B7: Furnitur 02-L | C7: Furnitur | D7: 44442 | E7: 26000000 | F7: 8 | G7: 1300000 | H7: Garis Lurus | I7: =IF(A7="","",MAX(0,(YEAR(PARAMETER!$C$5)-YEAR(D7))*12+MONTH(PARAMETER!$C$5)-MONTH(D7))) | J7: =IF(A7="","",(E7-G7)/(F7*12)) | K7: =IF(A7="","",IF($H7="Garis Lurus",MIN($E7-$G7,$J7*(I7)),IF((I7)>=$F7*12,$E7-$G7,MIN($E7-$G7,$E7-$E7*(1-2/$F7)^INT((I7)/12))+MIN($E7*(1-2/$F7)^INT((I7)/12)*(2/$F7),$E7-$G7-MIN($E7-$G7,$E7-$E7*(1-2/$F7)^INT((I7)/12)))*MOD((I7),12)/12))) | L7: =IF(A7="","",E7-K7) | M7: =IF(A7="","",K7-IF($H7="Garis Lurus",MIN($E7-$G7,$J7*(MAX(0,I7-MONTH(PARAMETER!$C$5)))),IF((MAX(0,I7-MONTH(PARAMETER!$C$5)))>=$F7*12,$E7-$G7,MIN($E7-$G7,$E7-$E7*(1-2/$F7)^INT((MAX(0,I7-MONTH(PARAMETER!$C$5)))/12))+MIN($E7*(1-2/$F7)^INT((MAX(0,I7-MONTH(PARAMETER!$C$5)))/12)*(2/$F7),$E7-$G7-MIN($E7-$G7,$E7-$E7*(1-2/$F7)^INT((MAX(0,I7-MONTH(PARAMETER!$C$5)))/12)))*MOD((MAX(0,I7-MONTH(PARAMETER!$C$5))),12)/12))) | N7: =IF(A7="","",IF(K7>=E7-G7-0.5,"Habis disusutkan","Aktif"))
A8: AT-003 | B8: Peralatan Kantor 01-D | C8: Peralatan Kantor | D8: 44696 | E8: 37000000 | F8: 8 | G8: 3700000 | H8: Garis Lurus | I8: =IF(A8="","",MAX(0,(YEAR(PARAMETER!$C$5)-YEAR(D8))*12+MONTH(PARAMETER!$C$5)-MONTH(D8))) | J8: =IF(A8="","",(E8-G8)/(F8*12)) | K8: =IF(A8="","",IF($H8="Garis Lurus",MIN($E8-$G8,$J8*(I8)),IF((I8)>=$F8*12,$E8-$G8,MIN($E8-$G8,$E8-$E8*(1-2/$F8)^INT((I8)/12))+MIN($E8*(1-2/$F8)^INT((I8)/12)*(2/$F8),$E8-$G8-MIN($E8-$G8,$E8-$E8*(1-2/$F8)^INT((I8)/12)))*MOD((I8),12)/12))) | L8: =IF(A8="","",E8-K8) | M8: =IF(A8="","",K8-IF($H8="Garis Lurus",MIN($E8-$G8,$J8*(MAX(0,I8-MONTH(PARAMETER!$C$5)))),IF((MAX(0,I8-MONTH(PARAMETER!$C$5)))>=$F8*12,$E8-$G8,MIN($E8-$G8,$E8-$E8*(1-2/$F8)^INT((MAX(0,I8-MONTH(PARAMETER!$C$5)))/12))+MIN($E8*(1-2/$F8)^INT((MAX(0,I8-MONTH(PARAMETER!$C$5)))/12)*(2/$F8),$E8-$G8-MIN($E8-$G8,$E8-$E8*(1-2/$F8)^INT((MAX(0,I8-MONTH(PARAMETER!$C$5)))/12)))*MOD((MAX(0,I8-MONTH(PARAMETER!$C$5))),12)/12))) | N8: =IF(A8="","",IF(K8>=E8-G8-0.5,"Habis disusutkan","Aktif"))
A9: AT-004 | B9: Komputer/Server 02-K | C9: Komputer & IT | D9: 44757 | E9: 53000000 | F9: 4 | H9: Garis Lurus | I9: =IF(A9="","",MAX(0,(YEAR(PARAMETER!$C$5)-YEAR(D9))*12+MONTH(PARAMETER!$C$5)-MONTH(D9))) | J9: =IF(A9="","",(E9-G9)/(F9*12)) | K9: =IF(A9="","",IF($H9="Garis Lurus",MIN($E9-$G9,$J9*(I9)),IF((I9)>=$F9*12,$E9-$G9,MIN($E9-$G9,$E9-$E9*(1-2/$F9)^INT((I9)/12))+MIN($E9*(1-2/$F9)^INT((I9)/12)*(2/$F9),$E9-$G9-MIN($E9-$G9,$E9-$E9*(1-2/$F9)^INT((I9)/12)))*MOD((I9),12)/12))) | L9: =IF(A9="","",E9-K9) | M9: =IF(A9="","",K9-IF($H9="Garis Lurus",MIN($E9-$G9,$J9*(MAX(0,I9-MONTH(PARAMETER!$C$5)))),IF((MAX(0,I9-MONTH(PARAMETER!$C$5)))>=$F9*12,$E9-$G9,MIN($E9-$G9,$E9-$E9*(1-2/$F9)^INT((MAX(0,I9-MONTH(PARAMETER!$C$5)))/12))+MIN($E9*(1-2/$F9)^INT((MAX(0,I9-MONTH(PARAMETER!$C$5)))/12)*(2/$F9),$E9-$G9-MIN($E9-$G9,$E9-$E9*(1-2/$F9)^INT((MAX(0,I9-MONTH(PARAMETER!$C$5)))/12)))*MOD((MAX(0,I9-MONTH(PARAMETER!$C$5))),12)/12))) | N9: =IF(A9="","",IF(K9>=E9-G9-0.5,"Habis disusutkan","Aktif"))
A10: AT-005 | B10: Kendaraan Operasional 01-C | C10: Kendaraan | D10: 45044 | E10: 328000000 | F10: 8 | G10: 32800000 | H10: Garis Lurus | I10: =IF(A10="","",MAX(0,(YEAR(PARAMETER!$C$5)-YEAR(D10))*12+MONTH(PARAMETER!$C$5)-MONTH(D10))) | J10: =IF(A10="","",(E10-G10)/(F10*12)) | K10: =IF(A10="","",IF($H10="Garis Lurus",MIN($E10-$G10,$J10*(I10)),IF((I10)>=$F10*12,$E10-$G10,MIN($E10-$G10,$E10-$E10*(1-2/$F10)^INT((I10)/12))+MIN($E10*(1-2/$F10)^INT((I10)/12)*(2/$F10),$E10-$G10-MIN($E10-$G10,$E10-$E10*(1-2/$F10)^INT((I10)/12)))*MOD((I10),12)/12))) | L10: =IF(A10="","",E10-K10) | M10: =IF(A10="","",K10-IF($H10="Garis Lurus",MIN($E10-$G10,$J10*(MAX(0,I10-MONTH(PARAMETER!$C$5)))),IF((MAX(0,I10-MONTH(PARAMETER!$C$5)))>=$F10*12,$E10-$G10,MIN($E10-$G10,$E10-$E10*(1-2/$F10)^INT((MAX(0,I10-MONTH(PARAMETER!$C$5)))/12))+MIN($E10*(1-2/$F10)^INT((MAX(0,I10-MONTH(PARAMETER!$C$5)))/12)*(2/$F10),$E10-$G10-MIN($E10-$G10,$E10-$E10*(1-2/$F10)^INT((MAX(0,I10-MONTH(PARAMETER!$C$5)))/12)))*MOD((MAX(0,I10-MONTH(PARAMETER!$C$5))),12)/12))) | N10: =IF(A10="","",IF(K10>=E10-G10-0.5,"Habis disusutkan","Aktif"))
A11: AT-006 | B11: Mesin Produksi 02-H | C11: Mesin Produksi | D11: 45291 | E11: 389000000 | F11: 16 | G11: 19450000 | H11: Garis Lurus | I11: =IF(A11="","",MAX(0,(YEAR(PARAMETER!$C$5)-YEAR(D11))*12+MONTH(PARAMETER!$C$5)-MONTH(D11))) | J11: =IF(A11="","",(E11-G11)/(F11*12)) | K11: =IF(A11="","",IF($H11="Garis Lurus",MIN($E11-$G11,$J11*(I11)),IF((I11)>=$F11*12,$E11-$G11,MIN($E11-$G11,$E11-$E11*(1-2/$F11)^INT((I11)/12))+MIN($E11*(1-2/$F11)^INT((I11)/12)*(2/$F11),$E11-$G11-MIN($E11-$G11,$E11-$E11*(1-2/$F11)^INT((I11)/12)))*MOD((I11),12)/12))) | L11: =IF(A11="","",E11-K11) | M11: =IF(A11="","",K11-IF($H11="Garis Lurus",MIN($E11-$G11,$J11*(MAX(0,I11-MONTH(PARAMETER!$C$5)))),IF((MAX(0,I11-MONTH(PARAMETER!$C$5)))>=$F11*12,$E11-$G11,MIN($E11-$G11,$E11-$E11*(1-2/$F11)^INT((MAX(0,I11-MONTH(PARAMETER!$C$5)))/12))+MIN($E11*(1-2/$F11)^INT((MAX(0,I11-MONTH(PARAMETER!$C$5)))/12)*(2/$F11),$E11-$G11-MIN($E11-$G11,$E11-$E11*(1-2/$F11)^INT((MAX(0,I11-MONTH(PARAMETER!$C$5)))/12)))*MOD((MAX(0,I11-MONTH(PARAMETER!$C$5))),12)/12))) | N11: =IF(A11="","",IF(K11>=E11-G11-0.5,"Habis disusutkan","Aktif"))
A12: AT-007 | B12: Kendaraan Operasional 02-I | C12: Kendaraan | D12: 45395 | E12: 203000000 | F12: 8 | G12: 10150000 | H12: Garis Lurus | I12: =IF(A12="","",MAX(0,(YEAR(PARAMETER!$C$5)-YEAR(D12))*12+MONTH(PARAMETER!$C$5)-MONTH(D12))) | J12: =IF(A12="","",(E12-G12)/(F12*12)) | K12: =IF(A12="","",IF($H12="Garis Lurus",MIN($E12-$G12,$J12*(I12)),IF((I12)>=$F12*12,$E12-$G12,MIN($E12-$G12,$E12-$E12*(1-2/$F12)^INT((I12)/12))+MIN($E12*(1-2/$F12)^INT((I12)/12)*(2/$F12),$E12-$G12-MIN($E12-$G12,$E12-$E12*(1-2/$F12)^INT((I12)/12)))*MOD((I12),12)/12))) | L12: =IF(A12="","",E12-K12) | M12: =IF(A12="","",K12-IF($H12="Garis Lurus",MIN($E12-$G12,$J12*(MAX(0,I12-MONTH(PARAMETER!$C$5)))),IF((MAX(0,I12-MONTH(PARAMETER!$C$5)))>=$F12*12,$E12-$G12,MIN($E12-$G12,$E12-$E12*(1-2/$F12)^INT((MAX(0,I12-MONTH(PARAMETER!$C$5)))/12))+MIN($E12*(1-2/$F12)^INT((MAX(0,I12-MONTH(PARAMETER!$C$5)))/12)*(2/$F12),$E12-$G12-MIN($E12-$G12,$E12-$E12*(1-2/$F12)^INT((MAX(0,I12-MONTH(PARAMETER!$C$5)))/12)))*MOD((MAX(0,I12-MONTH(PARAMETER!$C$5))),12)/12))) | N12: =IF(A12="","",IF(K12>=E12-G12-0.5,"Habis disusutkan","Aktif"))
A13: AT-008 | B13: Komputer/Server 01-E | C13: Komputer & IT | D13: 45480 | E13: 37000000 | F13: 4 | H13: Garis Lurus | I13: =IF(A13="","",MAX(0,(YEAR(PARAMETER!$C$5)-YEAR(D13))*12+MONTH(PARAMETER!$C$5)-MONTH(D13))) | J13: =IF(A13="","",(E13-G13)/(F13*12)) | K13: =IF(A13="","",IF($H13="Garis Lurus",MIN($E13-$G13,$J13*(I13)),IF((I13)>=$F13*12,$E13-$G13,MIN($E13-$G13,$E13-$E13*(1-2/$F13)^INT((I13)/12))+MIN($E13*(1-2/$F13)^INT((I13)/12)*(2/$F13),$E13-$G13-MIN($E13-$G13,$E13-$E13*(1-2/$F13)^INT((I13)/12)))*MOD((I13),12)/12))) | L13: =IF(A13="","",E13-K13) | M13: =IF(A13="","",K13-IF($H13="Garis Lurus",MIN($E13-$G13,$J13*(MAX(0,I13-MONTH(PARAMETER!$C$5)))),IF((MAX(0,I13-MONTH(PARAMETER!$C$5)))>=$F13*12,$E13-$G13,MIN($E13-$G13,$E13-$E13*(1-2/$F13)^INT((MAX(0,I13-MONTH(PARAMETER!$C$5)))/12))+MIN($E13*(1-2/$F13)^INT((MAX(0,I13-MONTH(PARAMETER!$C$5)))/12)*(2/$F13),$E13-$G13-MIN($E13-$G13,$E13-$E13*(1-2/$F13)^INT((MAX(0,I13-MONTH(PARAMETER!$C$5)))/12)))*MOD((MAX(0,I13-MONTH(PARAMETER!$C$5))),12)/12))) | N13: =IF(A13="","",IF(K13>=E13-G13-0.5,"Habis disusutkan","Aktif"))
A14: AT-009 | B14: Mesin Produksi 01-B | C14: Mesin Produksi | D14: 45489 | E14: 368000000 | F14: 16 | G14: 18400000 | H14: Garis Lurus | I14: =IF(A14="","",MAX(0,(YEAR(PARAMETER!$C$5)-YEAR(D14))*12+MONTH(PARAMETER!$C$5)-MONTH(D14))) | J14: =IF(A14="","",(E14-G14)/(F14*12)) | K14: =IF(A14="","",IF($H14="Garis Lurus",MIN($E14-$G14,$J14*(I14)),IF((I14)>=$F14*12,$E14-$G14,MIN($E14-$G14,$E14-$E14*(1-2/$F14)^INT((I14)/12))+MIN($E14*(1-2/$F14)^INT((I14)/12)*(2/$F14),$E14-$G14-MIN($E14-$G14,$E14-$E14*(1-2/$F14)^INT((I14)/12)))*MOD((I14),12)/12))) | L14: =IF(A14="","",E14-K14) | M14: =IF(A14="","",K14-IF($H14="Garis Lurus",MIN($E14-$G14,$J14*(MAX(0,I14-MONTH(PARAMETER!$C$5)))),IF((MAX(0,I14-MONTH(PARAMETER!$C$5)))>=$F14*12,$E14-$G14,MIN($E14-$G14,$E14-$E14*(1-2/$F14)^INT((MAX(0,I14-MONTH(PARAMETER!$C$5)))/12))+MIN($E14*(1-2/$F14)^INT((MAX(0,I14-MONTH(PARAMETER!$C$5)))/12)*(2/$F14),$E14-$G14-MIN($E14-$G14,$E14-$E14*(1-2/$F14)^INT((MAX(0,I14-MONTH(PARAMETER!$C$5)))/12)))*MOD((MAX(0,I14-MONTH(PARAMETER!$C$5))),12)/12))) | N14: =IF(A14="","",IF(K14>=E14-G14-0.5,"Habis disusutkan","Aktif"))
A15: AT-010 | B15: Gedung/Renovasi 01-A | C15: Bangunan | D15: 45540 | E15: 1321000000 | F15: 20 | G15: 132100000 | H15: Garis Lurus | I15: =IF(A15="","",MAX(0,(YEAR(PARAMETER!$C$5)-YEAR(D15))*12+MONTH(PARAMETER!$C$5)-MONTH(D15))) | J15: =IF(A15="","",(E15-G15)/(F15*12)) | K15: =IF(A15="","",IF($H15="Garis Lurus",MIN($E15-$G15,$J15*(I15)),IF((I15)>=$F15*12,$E15-$G15,MIN($E15-$G15,$E15-$E15*(1-2/$F15)^INT((I15)/12))+MIN($E15*(1-2/$F15)^INT((I15)/12)*(2/$F15),$E15-$G15-MIN($E15-$G15,$E15-$E15*(1-2/$F15)^INT((I15)/12)))*MOD((I15),12)/12))) | L15: =IF(A15="","",E15-K15) | M15: =IF(A15="","",K15-IF($H15="Garis Lurus",MIN($E15-$G15,$J15*(MAX(0,I15-MONTH(PARAMETER!$C$5)))),IF((MAX(0,I15-MONTH(PARAMETER!$C$5)))>=$F15*12,$E15-$G15,MIN($E15-$G15,$E15-$E15*(1-2/$F15)^INT((MAX(0,I15-MONTH(PARAMETER!$C$5)))/12))+MIN($E15*(1-2/$F15)^INT((MAX(0,I15-MONTH(PARAMETER!$C$5)))/12)*(2/$F15),$E15-$G15-MIN($E15-$G15,$E15-$E15*(1-2/$F15)^INT((MAX(0,I15-MONTH(PARAMETER!$C$5)))/12)))*MOD((MAX(0,I15-MONTH(PARAMETER!$C$5))),12)/12))) | N15: =IF(A15="","",IF(K15>=E15-G15-0.5,"Habis disusutkan","Aktif"))
A16: AT-011 | B16: Furnitur 01-F | C16: Furnitur | D16: 45585 | E16: 17000000 | F16: 8 | G16: 850000 | H16: Garis Lurus | I16: =IF(A16="","",MAX(0,(YEAR(PARAMETER!$C$5)-YEAR(D16))*12+MONTH(PARAMETER!$C$5)-MONTH(D16))) | J16: =IF(A16="","",(E16-G16)/(F16*12)) | K16: =IF(A16="","",IF($H16="Garis Lurus",MIN($E16-$G16,$J16*(I16)),IF((I16)>=$F16*12,$E16-$G16,MIN($E16-$G16,$E16-$E16*(1-2/$F16)^INT((I16)/12))+MIN($E16*(1-2/$F16)^INT((I16)/12)*(2/$F16),$E16-$G16-MIN($E16-$G16,$E16-$E16*(1-2/$F16)^INT((I16)/12)))*MOD((I16),12)/12))) | L16: =IF(A16="","",E16-K16) | M16: =IF(A16="","",K16-IF($H16="Garis Lurus",MIN($E16-$G16,$J16*(MAX(0,I16-MONTH(PARAMETER!$C$5)))),IF((MAX(0,I16-MONTH(PARAMETER!$C$5)))>=$F16*12,$E16-$G16,MIN($E16-$G16,$E16-$E16*(1-2/$F16)^INT((MAX(0,I16-MONTH(PARAMETER!$C$5)))/12))+MIN($E16*(1-2/$F16)^INT((MAX(0,I16-MONTH(PARAMETER!$C$5)))/12)*(2/$F16),$E16-$G16-MIN($E16-$G16,$E16-$E16*(1-2/$F16)^INT((MAX(0,I16-MONTH(PARAMETER!$C$5)))/12)))*MOD((MAX(0,I16-MONTH(PARAMETER!$C$5))),12)/12))) | N16: =IF(A16="","",IF(K16>=E16-G16-0.5,"Habis disusutkan","Aktif"))
A17: AT-012 | B17: Gedung/Renovasi 02-G | C17: Bangunan | D17: 45946 | E17: 2150000000 | F17: 20 | G17: 215000000 | H17: Garis Lurus | I17: =IF(A17="","",MAX(0,(YEAR(PARAMETER!$C$5)-YEAR(D17))*12+MONTH(PARAMETER!$C$5)-MONTH(D17))) | J17: =IF(A17="","",(E17-G17)/(F17*12)) | K17: =IF(A17="","",IF($H17="Garis Lurus",MIN($E17-$G17,$J17*(I17)),IF((I17)>=$F17*12,$E17-$G17,MIN($E17-$G17,$E17-$E17*(1-2/$F17)^INT((I17)/12))+MIN($E17*(1-2/$F17)^INT((I17)/12)*(2/$F17),$E17-$G17-MIN($E17-$G17,$E17-$E17*(1-2/$F17)^INT((I17)/12)))*MOD((I17),12)/12))) | L17: =IF(A17="","",E17-K17) | M17: =IF(A17="","",K17-IF($H17="Garis Lurus",MIN($E17-$G17,$J17*(MAX(0,I17-MONTH(PARAMETER!$C$5)))),IF((MAX(0,I17-MONTH(PARAMETER!$C$5)))>=$F17*12,$E17-$G17,MIN($E17-$G17,$E17-$E17*(1-2/$F17)^INT((MAX(0,I17-MONTH(PARAMETER!$C$5)))/12))+MIN($E17*(1-2/$F17)^INT((MAX(0,I17-MONTH(PARAMETER!$C$5)))/12)*(2/$F17),$E17-$G17-MIN($E17-$G17,$E17-$E17*(1-2/$F17)^INT((MAX(0,I17-MONTH(PARAMETER!$C$5)))/12)))*MOD((MAX(0,I17-MONTH(PARAMETER!$C$5))),12)/12))) | N17: =IF(A17="","",IF(K17>=E17-G17-0.5,"Habis disusutkan","Aktif"))
I18: =IF(A18="","",MAX(0,(YEAR(PARAMETER!$C$5)-YEAR(D18))*12+MONTH(PARAMETER!$C$5)-MONTH(D18))) | J18: =IF(A18="","",(E18-G18)/(F18*12)) | K18: =IF(A18="","",IF($H18="Garis Lurus",MIN($E18-$G18,$J18*(I18)),IF((I18)>=$F18*12,$E18-$G18,MIN($E18-$G18,$E18-$E18*(1-2/$F18)^INT((I18)/12))+MIN($E18*(1-2/$F18)^INT((I18)/12)*(2/$F18),$E18-$G18-MIN($E18-$G18,$E18-$E18*(1-2/$F18)^INT((I18)/12)))*MOD((I18),12)/12))) | L18: =IF(A18="","",E18-K18) | M18: =IF(A18="","",K18-IF($H18="Garis Lurus",MIN($E18-$G18,$J18*(MAX(0,I18-MONTH(PARAMETER!$C$5)))),IF((MAX(0,I18-MONTH(PARAMETER!$C$5)))>=$F18*12,$E18-$G18,MIN($E18-$G18,$E18-$E18*(1-2/$F18)^INT((MAX(0,I18-MONTH(PARAMETER!$C$5)))/12))+MIN($E18*(1-2/$F18)^INT((MAX(0,I18-MONTH(PARAMETER!$C$5)))/12)*(2/$F18),$E18-$G18-MIN($E18-$G18,$E18-$E18*(1-2/$F18)^INT((MAX(0,I18-MONTH(PARAMETER!$C$5)))/12)))*MOD((MAX(0,I18-MONTH(PARAMETER!$C$5))),12)/12))) | N18: =IF(A18="","",IF(K18>=E18-G18-0.5,"Habis disusutkan","Aktif"))
I19: =IF(A19="","",MAX(0,(YEAR(PARAMETER!$C$5)-YEAR(D19))*12+MONTH(PARAMETER!$C$5)-MONTH(D19))) | J19: =IF(A19="","",(E19-G19)/(F19*12)) | K19: =IF(A19="","",IF($H19="Garis Lurus",MIN($E19-$G19,$J19*(I19)),IF((I19)>=$F19*12,$E19-$G19,MIN($E19-$G19,$E19-$E19*(1-2/$F19)^INT((I19)/12))+MIN($E19*(1-2/$F19)^INT((I19)/12)*(2/$F19),$E19-$G19-MIN($E19-$G19,$E19-$E19*(1-2/$F19)^INT((I19)/12)))*MOD((I19),12)/12))) | L19: =IF(A19="","",E19-K19) | M19: =IF(A19="","",K19-IF($H19="Garis Lurus",MIN($E19-$G19,$J19*(MAX(0,I19-MONTH(PARAMETER!$C$5)))),IF((MAX(0,I19-MONTH(PARAMETER!$C$5)))>=$F19*12,$E19-$G19,MIN($E19-$G19,$E19-$E19*(1-2/$F19)^INT((MAX(0,I19-MONTH(PARAMETER!$C$5)))/12))+MIN($E19*(1-2/$F19)^INT((MAX(0,I19-MONTH(PARAMETER!$C$5)))/12)*(2/$F19),$E19-$G19-MIN($E19-$G19,$E19-$E19*(1-2/$F19)^INT((MAX(0,I19-MONTH(PARAMETER!$C$5)))/12)))*MOD((MAX(0,I19-MONTH(PARAMETER!$C$5))),12)/12))) | N19: =IF(A19="","",IF(K19>=E19-G19-0.5,"Habis disusutkan","Aktif"))
I20: =IF(A20="","",MAX(0,(YEAR(PARAMETER!$C$5)-YEAR(D20))*12+MONTH(PARAMETER!$C$5)-MONTH(D20))) | J20: =IF(A20="","",(E20-G20)/(F20*12)) | K20: =IF(A20="","",IF($H20="Garis Lurus",MIN($E20-$G20,$J20*(I20)),IF((I20)>=$F20*12,$E20-$G20,MIN($E20-$G20,$E20-$E20*(1-2/$F20)^INT((I20)/12))+MIN($E20*(1-2/$F20)^INT((I20)/12)*(2/$F20),$E20-$G20-MIN($E20-$G20,$E20-$E20*(1-2/$F20)^INT((I20)/12)))*MOD((I20),12)/12))) | L20: =IF(A20="","",E20-K20) | M20: =IF(A20="","",K20-IF($H20="Garis Lurus",MIN($E20-$G20,$J20*(MAX(0,I20-MONTH(PARAMETER!$C$5)))),IF((MAX(0,I20-MONTH(PARAMETER!$C$5)))>=$F20*12,$E20-$G20,MIN($E20-$G20,$E20-$E20*(1-2/$F20)^INT((MAX(0,I20-MONTH(PARAMETER!$C$5)))/12))+MIN($E20*(1-2/$F20)^INT((MAX(0,I20-MONTH(PARAMETER!$C$5)))/12)*(2/$F20),$E20-$G20-MIN($E20-$G20,$E20-$E20*(1-2/$F20)^INT((MAX(0,I20-MONTH(PARAMETER!$C$5)))/12)))*MOD((MAX(0,I20-MONTH(PARAMETER!$C$5))),12)/12))) | N20: =IF(A20="","",IF(K20>=E20-G20-0.5,"Habis disusutkan","Aktif"))
I21: =IF(A21="","",MAX(0,(YEAR(PARAMETER!$C$5)-YEAR(D21))*12+MONTH(PARAMETER!$C$5)-MONTH(D21))) | J21: =IF(A21="","",(E21-G21)/(F21*12)) | K21: =IF(A21="","",IF($H21="Garis Lurus",MIN($E21-$G21,$J21*(I21)),IF((I21)>=$F21*12,$E21-$G21,MIN($E21-$G21,$E21-$E21*(1-2/$F21)^INT((I21)/12))+MIN($E21*(1-2/$F21)^INT((I21)/12)*(2/$F21),$E21-$G21-MIN($E21-$G21,$E21-$E21*(1-2/$F21)^INT((I21)/12)))*MOD((I21),12)/12))) | L21: =IF(A21="","",E21-K21) | M21: =IF(A21="","",K21-IF($H21="Garis Lurus",MIN($E21-$G21,$J21*(MAX(0,I21-MONTH(PARAMETER!$C$5)))),IF((MAX(0,I21-MONTH(PARAMETER!$C$5)))>=$F21*12,$E21-$G21,MIN($E21-$G21,$E21-$E21*(1-2/$F21)^INT((MAX(0,I21-MONTH(PARAMETER!$C$5)))/12))+MIN($E21*(1-2/$F21)^INT((MAX(0,I21-MONTH(PARAMETER!$C$5)))/12)*(2/$F21),$E21-$G21-MIN($E21-$G21,$E21-$E21*(1-2/$F21)^INT((MAX(0,I21-MONTH(PARAMETER!$C$5)))/12)))*MOD((MAX(0,I21-MONTH(PARAMETER!$C$5))),12)/12))) | N21: =IF(A21="","",IF(K21>=E21-G21-0.5,"Habis disusutkan","Aktif"))
I22: =IF(A22="","",MAX(0,(YEAR(PARAMETER!$C$5)-YEAR(D22))*12+MONTH(PARAMETER!$C$5)-MONTH(D22))) | J22: =IF(A22="","",(E22-G22)/(F22*12)) | K22: =IF(A22="","",IF($H22="Garis Lurus",MIN($E22-$G22,$J22*(I22)),IF((I22)>=$F22*12,$E22-$G22,MIN($E22-$G22,$E22-$E22*(1-2/$F22)^INT((I22)/12))+MIN($E22*(1-2/$F22)^INT((I22)/12)*(2/$F22),$E22-$G22-MIN($E22-$G22,$E22-$E22*(1-2/$F22)^INT((I22)/12)))*MOD((I22),12)/12))) | L22: =IF(A22="","",E22-K22) | M22: =IF(A22="","",K22-IF($H22="Garis Lurus",MIN($E22-$G22,$J22*(MAX(0,I22-MONTH(PARAMETER!$C$5)))),IF((MAX(0,I22-MONTH(PARAMETER!$C$5)))>=$F22*12,$E22-$G22,MIN($E22-$G22,$E22-$E22*(1-2/$F22)^INT((MAX(0,I22-MONTH(PARAMETER!$C$5)))/12))+MIN($E22*(1-2/$F22)^INT((MAX(0,I22-MONTH(PARAMETER!$C$5)))/12)*(2/$F22),$E22-$G22-MIN($E22-$G22,$E22-$E22*(1-2/$F22)^INT((MAX(0,I22-MONTH(PARAMETER!$C$5)))/12)))*MOD((MAX(0,I22-MONTH(PARAMETER!$C$5))),12)/12))) | N22: =IF(A22="","",IF(K22>=E22-G22-0.5,"Habis disusutkan","Aktif"))
I23: =IF(A23="","",MAX(0,(YEAR(PARAMETER!$C$5)-YEAR(D23))*12+MONTH(PARAMETER!$C$5)-MONTH(D23))) | J23: =IF(A23="","",(E23-G23)/(F23*12)) | K23: =IF(A23="","",IF($H23="Garis Lurus",MIN($E23-$G23,$J23*(I23)),IF((I23)>=$F23*12,$E23-$G23,MIN($E23-$G23,$E23-$E23*(1-2/$F23)^INT((I23)/12))+MIN($E23*(1-2/$F23)^INT((I23)/12)*(2/$F23),$E23-$G23-MIN($E23-$G23,$E23-$E23*(1-2/$F23)^INT((I23)/12)))*MOD((I23),12)/12))) | L23: =IF(A23="","",E23-K23) | M23: =IF(A23="","",K23-IF($H23="Garis Lurus",MIN($E23-$G23,$J23*(MAX(0,I23-MONTH(PARAMETER!$C$5)))),IF((MAX(0,I23-MONTH(PARAMETER!$C$5)))>=$F23*12,$E23-$G23,MIN($E23-$G23,$E23-$E23*(1-2/$F23)^INT((MAX(0,I23-MONTH(PARAMETER!$C$5)))/12))+MIN($E23*(1-2/$F23)^INT((MAX(0,I23-MONTH(PARAMETER!$C$5)))/12)*(2/$F23),$E23-$G23-MIN($E23-$G23,$E23-$E23*(1-2/$F23)^INT((MAX(0,I23-MONTH(PARAMETER!$C$5)))/12)))*MOD((MAX(0,I23-MONTH(PARAMETER!$C$5))),12)/12))) | N23: =IF(A23="","",IF(K23>=E23-G23-0.5,"Habis disusutkan","Aktif"))
I24: =IF(A24="","",MAX(0,(YEAR(PARAMETER!$C$5)-YEAR(D24))*12+MONTH(PARAMETER!$C$5)-MONTH(D24))) | J24: =IF(A24="","",(E24-G24)/(F24*12)) | K24: =IF(A24="","",IF($H24="Garis Lurus",MIN($E24-$G24,$J24*(I24)),IF((I24)>=$F24*12,$E24-$G24,MIN($E24-$G24,$E24-$E24*(1-2/$F24)^INT((I24)/12))+MIN($E24*(1-2/$F24)^INT((I24)/12)*(2/$F24),$E24-$G24-MIN($E24-$G24,$E24-$E24*(1-2/$F24)^INT((I24)/12)))*MOD((I24),12)/12))) | L24: =IF(A24="","",E24-K24) | M24: =IF(A24="","",K24-IF($H24="Garis Lurus",MIN($E24-$G24,$J24*(MAX(0,I24-MONTH(PARAMETER!$C$5)))),IF((MAX(0,I24-MONTH(PARAMETER!$C$5)))>=$F24*12,$E24-$G24,MIN($E24-$G24,$E24-$E24*(1-2/$F24)^INT((MAX(0,I24-MONTH(PARAMETER!$C$5)))/12))+MIN($E24*(1-2/$F24)^INT((MAX(0,I24-MONTH(PARAMETER!$C$5)))/12)*(2/$F24),$E24-$G24-MIN($E24-$G24,$E24-$E24*(1-2/$F24)^INT((MAX(0,I24-MONTH(PARAMETER!$C$5)))/12)))*MOD((MAX(0,I24-MONTH(PARAMETER!$C$5))),12)/12))) | N24: =IF(A24="","",IF(K24>=E24-G24-0.5,"Habis disusutkan","Aktif"))
I25: =IF(A25="","",MAX(0,(YEAR(PARAMETER!$C$5)-YEAR(D25))*12+MONTH(PARAMETER!$C$5)-MONTH(D25))) | J25: =IF(A25="","",(E25-G25)/(F25*12)) | K25: =IF(A25="","",IF($H25="Garis Lurus",MIN($E25-$G25,$J25*(I25)),IF((I25)>=$F25*12,$E25-$G25,MIN($E25-$G25,$E25-$E25*(1-2/$F25)^INT((I25)/12))+MIN($E25*(1-2/$F25)^INT((I25)/12)*(2/$F25),$E25-$G25-MIN($E25-$G25,$E25-$E25*(1-2/$F25)^INT((I25)/12)))*MOD((I25),12)/12))) | L25: =IF(A25="","",E25-K25) | M25: =IF(A25="","",K25-IF($H25="Garis Lurus",MIN($E25-$G25,$J25*(MAX(0,I25-MONTH(PARAMETER!$C$5)))),IF((MAX(0,I25-MONTH(PARAMETER!$C$5)))>=$F25*12,$E25-$G25,MIN($E25-$G25,$E25-$E25*(1-2/$F25)^INT((MAX(0,I25-MONTH(PARAMETER!$C$5)))/12))+MIN($E25*(1-2/$F25)^INT((MAX(0,I25-MONTH(PARAMETER!$C$5)))/12)*(2/$F25),$E25-$G25-MIN($E25-$G25,$E25-$E25*(1-2/$F25)^INT((MAX(0,I25-MONTH(PARAMETER!$C$5)))/12)))*MOD((MAX(0,I25-MONTH(PARAMETER!$C$5))),12)/12))) | N25: =IF(A25="","",IF(K25>=E25-G25-0.5,"Habis disusutkan","Aktif"))

Sheet RINGKASAN
A1: Ringkasan per Kategori
A2: ="Per "&TEXT(PARAMETER!C5,"dd mmm yyyy")
A3: VERSI DEMO: kapasitas & fitur dibatasi, data simulasi. Versi lengkap: WhatsApp 089623291732
A5: Kategori | B5: Jumlah Aset | C5: Harga Perolehan (Rp) | D5: Akumulasi (Rp) | E5: Nilai Buku (Rp) | F5: Penyusutan Tahun Berjalan (Rp) | G5: % Tersusut
A6: =IF(PARAMETER!B10="","",PARAMETER!B10) | B6: =IF(A6="","",COUNTIF(ASET!$C$6:$C$25,A6)) | C6: =IF(A6="","",SUMIFS(ASET!$E$6:$E$25,ASET!$C$6:$C$25,A6)) | D6: =IF(A6="","",SUMIFS(ASET!$K$6:$K$25,ASET!$C$6:$C$25,A6)) | E6: =IF(A6="","",SUMIFS(ASET!$L$6:$L$25,ASET!$C$6:$C$25,A6)) | F6: =IF(A6="","",SUMIFS(ASET!$M$6:$M$25,ASET!$C$6:$C$25,A6)) | G6: =IF(A6="","",IF(C6=0,0,D6/C6))
A7: =IF(PARAMETER!B11="","",PARAMETER!B11) | B7: =IF(A7="","",COUNTIF(ASET!$C$6:$C$25,A7)) | C7: =IF(A7="","",SUMIFS(ASET!$E$6:$E$25,ASET!$C$6:$C$25,A7)) | D7: =IF(A7="","",SUMIFS(ASET!$K$6:$K$25,ASET!$C$6:$C$25,A7)) | E7: =IF(A7="","",SUMIFS(ASET!$L$6:$L$25,ASET!$C$6:$C$25,A7)) | F7: =IF(A7="","",SUMIFS(ASET!$M$6:$M$25,ASET!$C$6:$C$25,A7)) | G7: =IF(A7="","",IF(C7=0,0,D7/C7))
A8: =IF(PARAMETER!B12="","",PARAMETER!B12) | B8: =IF(A8="","",COUNTIF(ASET!$C$6:$C$25,A8)) | C8: =IF(A8="","",SUMIFS(ASET!$E$6:$E$25,ASET!$C$6:$C$25,A8)) | D8: =IF(A8="","",SUMIFS(ASET!$K$6:$K$25,ASET!$C$6:$C$25,A8)) | E8: =IF(A8="","",SUMIFS(ASET!$L$6:$L$25,ASET!$C$6:$C$25,A8)) | F8: =IF(A8="","",SUMIFS(ASET!$M$6:$M$25,ASET!$C$6:$C$25,A8)) | G8: =IF(A8="","",IF(C8=0,0,D8/C8))
A9: =IF(PARAMETER!B13="","",PARAMETER!B13) | B9: =IF(A9="","",COUNTIF(ASET!$C$6:$C$25,A9)) | C9: =IF(A9="","",SUMIFS(ASET!$E$6:$E$25,ASET!$C$6:$C$25,A9)) | D9: =IF(A9="","",SUMIFS(ASET!$K$6:$K$25,ASET!$C$6:$C$25,A9)) | E9: =IF(A9="","",SUMIFS(ASET!$L$6:$L$25,ASET!$C$6:$C$25,A9)) | F9: =IF(A9="","",SUMIFS(ASET!$M$6:$M$25,ASET!$C$6:$C$25,A9)) | G9: =IF(A9="","",IF(C9=0,0,D9/C9))
A10: =IF(PARAMETER!B14="","",PARAMETER!B14) | B10: =IF(A10="","",COUNTIF(ASET!$C$6:$C$25,A10)) | C10: =IF(A10="","",SUMIFS(ASET!$E$6:$E$25,ASET!$C$6:$C$25,A10)) | D10: =IF(A10="","",SUMIFS(ASET!$K$6:$K$25,ASET!$C$6:$C$25,A10)) | E10: =IF(A10="","",SUMIFS(ASET!$L$6:$L$25,ASET!$C$6:$C$25,A10)) | F10: =IF(A10="","",SUMIFS(ASET!$M$6:$M$25,ASET!$C$6:$C$25,A10)) | G10: =IF(A10="","",IF(C10=0,0,D10/C10))
A11: =IF(PARAMETER!B15="","",PARAMETER!B15) | B11: =IF(A11="","",COUNTIF(ASET!$C$6:$C$25,A11)) | C11: =IF(A11="","",SUMIFS(ASET!$E$6:$E$25,ASET!$C$6:$C$25,A11)) | D11: =IF(A11="","",SUMIFS(ASET!$K$6:$K$25,ASET!$C$6:$C$25,A11)) | E11: =IF(A11="","",SUMIFS(ASET!$L$6:$L$25,ASET!$C$6:$C$25,A11)) | F11: =IF(A11="","",SUMIFS(ASET!$M$6:$M$25,ASET!$C$6:$C$25,A11)) | G11: =IF(A11="","",IF(C11=0,0,D11/C11))
A12: =IF(PARAMETER!B16="","",PARAMETER!B16) | B12: =IF(A12="","",COUNTIF(ASET!$C$6:$C$25,A12)) | C12: =IF(A12="","",SUMIFS(ASET!$E$6:$E$25,ASET!$C$6:$C$25,A12)) | D12: =IF(A12="","",SUMIFS(ASET!$K$6:$K$25,ASET!$C$6:$C$25,A12)) | E12: =IF(A12="","",SUMIFS(ASET!$L$6:$L$25,ASET!$C$6:$C$25,A12)) | F12: =IF(A12="","",SUMIFS(ASET!$M$6:$M$25,ASET!$C$6:$C$25,A12)) | G12: =IF(A12="","",IF(C12=0,0,D12/C12))
A13: =IF(PARAMETER!B17="","",PARAMETER!B17) | B13: =IF(A13="","",COUNTIF(ASET!$C$6:$C$25,A13)) | C13: =IF(A13="","",SUMIFS(ASET!$E$6:$E$25,ASET!$C$6:$C$25,A13)) | D13: =IF(A13="","",SUMIFS(ASET!$K$6:$K$25,ASET!$C$6:$C$25,A13)) | E13: =IF(A13="","",SUMIFS(ASET!$L$6:$L$25,ASET!$C$6:$C$25,A13)) | F13: =IF(A13="","",SUMIFS(ASET!$M$6:$M$25,ASET!$C$6:$C$25,A13)) | G13: =IF(A13="","",IF(C13=0,0,D13/C13))
A14: TOTAL | B14: =SUM(B6:B13) | C14: =SUM(C6:C13) | D14: =SUM(D6:D13) | E14: =SUM(E6:E13) | F14: =SUM(F6:F13) | G14: =IF(C14=0,0,D14/C14)
