Workbook

Sheet PETUNJUK
B1: Mantam Product
B2: Pipeline & Forecast Penjualan
B3: Kelola peluang penjualan dari prospek sampai menang, hitung nilai tertimbang, dan baca prakiraan pendapatan.
B5: Lisensi | C5: VERSI DEMO. Kapasitas dan fitur dibatasi. Pesan versi lengkap: WhatsApp 089623291732
B7: Cara memakai
B8: Langkah 1 | C8: Atur tanggal laporan, target penjualan, dan probabilitas tahap di PARAMETER (sel kuning).
B9: Langkah 2 | C9: Isi sales dan sumber lead di PARAMETER.
B10: Langkah 3 | C10: Masukkan peluang di DEAL; probabilitas, nilai tertimbang, umur, dan status terisi otomatis.
B11: Langkah 4 | C11: Untuk deal Menang atau Kalah, isi kolom Target Tutup dengan tanggal tutup sebenarnya.
B12: Langkah 5 | C12: Baca RINGKASAN.
B14: Isi berkas
B15: PARAMETER | C15: Tanggal laporan, target penjualan, probabilitas tiap tahap, daftar sales dan sumber lead.
B16: DEAL | C16: Daftar peluang penjualan (kapasitas 60 baris): nilai, tahap, tanggal, probabilitas otomatis, umur, dan status.
B17: RINGKASAN | C17: Nilai pipeline per tahap, nilai tertimbang, win rate, rata-rata nilai deal, dan coverage terhadap target.
B19: Legenda warna
B20: Teks biru | C20: Sel input: boleh Anda ubah (tidak terkunci).
B21: Sel kuning | C21: Parameter kunci: periksa terlebih dulu.
B22: Teks hitam | C22: Rumus otomatis (terkunci; Review > Unprotect Sheet tanpa kata sandi bila perlu).
B24: Catatan
C25: • Seluruh data adalah simulasi buatan, bukan data perusahaan nyata.
C26: • Hasil perhitungan adalah alat bantu; verifikasi dengan akuntan/konsultan sebelum dipakai untuk keputusan atau pelaporan resmi.
C27: • Nilai tertimbang = nilai × probabilitas tahap; probabilitas adalah asumsi yang sebaiknya disesuaikan dengan data historis perusahaan Anda.
C28: • Status Terlambat = deal terbuka yang target tutupnya sudah lewat tanggal laporan.

Sheet PARAMETER
A1: Parameter
A2: Isi sel kuning.
A3: VERSI DEMO: kapasitas & fitur dibatasi, data simulasi. Versi lengkap: WhatsApp 089623291732
B5: Tanggal laporan | C5: 46326
B6: Target penjualan periode (Rp) | C6: 2000000000
B8: Tahap | C8: Probabilitas
B9: Prospek | C9: 0.1
B10: Kualifikasi | C10: 0.25
B11: Proposal | C11: 0.5
B12: Negosiasi | C12: 0.75
B13: Menang | C13: 1
B14: Kalah | C14: 0
B16: Sales | C16: Target (Rp) | D16: Sumber lead
B17: Rina Pratama | C17: 625000000 | D17: Referral
B18: Dimas Anggoro | C18: 625000000 | D18: Website
B19: Sekar Wulandari | C19: 625000000 | D19: Pameran
D20: Cold Call
D21: Media Sosial
D22: Mitra

Sheet DEAL
A1: Daftar Peluang Penjualan
A2: Kapasitas 60 baris
A3: VERSI DEMO: kapasitas & fitur dibatasi, data simulasi. Versi lengkap: WhatsApp 089623291732
A5: ID | B5: Pelanggan | C5: Sales | D5: Sumber | E5: Tahap | F5: Nilai (Rp) | G5: Tgl Dibuat | H5: Target Tutup | I5: Probabilitas | J5: Nilai Tertimbang (Rp) | K5: Umur (hari) | L5: Status
A6: D-001 | B6: PT Indo Sejahtera | C6: Sekar Wulandari | D6: Media Sosial | E6: Menang | F6: 56000000 | G6: 46228 | H6: 46266 | I6: =IF(E6="","",IFERROR(INDEX(PARAMETER!$C$9:$C$14,MATCH(E6,PARAMETER!$B$9:$B$14,0)),0)) | J6: =IF(OR(F6="",I6=""),"",F6*I6) | K6: =IF(OR(E6="",G6=""),"",IF(OR(E6="Menang",E6="Kalah"),"",PARAMETER!$C$5-G6)) | L6: =IF(E6="","",IF(OR(E6="Menang",E6="Kalah"),E6,IF(H6<PARAMETER!$C$5,"Terlambat","Berjalan")))
A7: D-002 | B7: PT Nusantara Jaya | C7: Dimas Anggoro | D7: Website | E7: Kualifikasi | F7: 340000000 | G7: 46169 | H7: 46379 | I7: =IF(E7="","",IFERROR(INDEX(PARAMETER!$C$9:$C$14,MATCH(E7,PARAMETER!$B$9:$B$14,0)),0)) | J7: =IF(OR(F7="",I7=""),"",F7*I7) | K7: =IF(OR(E7="",G7=""),"",IF(OR(E7="Menang",E7="Kalah"),"",PARAMETER!$C$5-G7)) | L7: =IF(E7="","",IF(OR(E7="Menang",E7="Kalah"),E7,IF(H7<PARAMETER!$C$5,"Terlambat","Berjalan")))
A8: D-003 | B8: PT Garuda Teknik | C8: Dimas Anggoro | D8: Referral | E8: Menang | F8: 480000000 | G8: 46263 | H8: 46294 | I8: =IF(E8="","",IFERROR(INDEX(PARAMETER!$C$9:$C$14,MATCH(E8,PARAMETER!$B$9:$B$14,0)),0)) | J8: =IF(OR(F8="",I8=""),"",F8*I8) | K8: =IF(OR(E8="",G8=""),"",IF(OR(E8="Menang",E8="Kalah"),"",PARAMETER!$C$5-G8)) | L8: =IF(E8="","",IF(OR(E8="Menang",E8="Kalah"),E8,IF(H8<PARAMETER!$C$5,"Terlambat","Berjalan")))
A9: D-004 | B9: PT Bumi Lestari | C9: Rina Pratama | D9: Referral | E9: Prospek | F9: 88000000 | G9: 46112 | H9: 46360 | I9: =IF(E9="","",IFERROR(INDEX(PARAMETER!$C$9:$C$14,MATCH(E9,PARAMETER!$B$9:$B$14,0)),0)) | J9: =IF(OR(F9="",I9=""),"",F9*I9) | K9: =IF(OR(E9="",G9=""),"",IF(OR(E9="Menang",E9="Kalah"),"",PARAMETER!$C$5-G9)) | L9: =IF(E9="","",IF(OR(E9="Menang",E9="Kalah"),E9,IF(H9<PARAMETER!$C$5,"Terlambat","Berjalan")))
A10: D-005 | B10: PT Cahaya Prima | C10: Rina Pratama | D10: Mitra | E10: Prospek | F10: 466000000 | G10: 46260 | H10: 46460 | I10: =IF(E10="","",IFERROR(INDEX(PARAMETER!$C$9:$C$14,MATCH(E10,PARAMETER!$B$9:$B$14,0)),0)) | J10: =IF(OR(F10="",I10=""),"",F10*I10) | K10: =IF(OR(E10="",G10=""),"",IF(OR(E10="Menang",E10="Kalah"),"",PARAMETER!$C$5-G10)) | L10: =IF(E10="","",IF(OR(E10="Menang",E10="Kalah"),E10,IF(H10<PARAMETER!$C$5,"Terlambat","Berjalan")))
A11: D-006 | B11: UD Maju Terus | C11: Rina Pratama | D11: Media Sosial | E11: Menang | F11: 138000000 | G11: 46121 | H11: 46177 | I11: =IF(E11="","",IFERROR(INDEX(PARAMETER!$C$9:$C$14,MATCH(E11,PARAMETER!$B$9:$B$14,0)),0)) | J11: =IF(OR(F11="",I11=""),"",F11*I11) | K11: =IF(OR(E11="",G11=""),"",IF(OR(E11="Menang",E11="Kalah"),"",PARAMETER!$C$5-G11)) | L11: =IF(E11="","",IF(OR(E11="Menang",E11="Kalah"),E11,IF(H11<PARAMETER!$C$5,"Terlambat","Berjalan")))
A12: D-007 | B12: PT Samudra Niaga | C12: Sekar Wulandari | D12: Referral | E12: Kalah | F12: 278000000 | G12: 46242 | H12: 46269 | I12: =IF(E12="","",IFERROR(INDEX(PARAMETER!$C$9:$C$14,MATCH(E12,PARAMETER!$B$9:$B$14,0)),0)) | J12: =IF(OR(F12="",I12=""),"",F12*I12) | K12: =IF(OR(E12="",G12=""),"",IF(OR(E12="Menang",E12="Kalah"),"",PARAMETER!$C$5-G12)) | L12: =IF(E12="","",IF(OR(E12="Menang",E12="Kalah"),E12,IF(H12<PARAMETER!$C$5,"Terlambat","Berjalan")))
A13: D-008 | B13: PT Bumi Lestari | C13: Rina Pratama | D13: Media Sosial | E13: Menang | F13: 200000000 | G13: 46114 | H13: 46167 | I13: =IF(E13="","",IFERROR(INDEX(PARAMETER!$C$9:$C$14,MATCH(E13,PARAMETER!$B$9:$B$14,0)),0)) | J13: =IF(OR(F13="",I13=""),"",F13*I13) | K13: =IF(OR(E13="",G13=""),"",IF(OR(E13="Menang",E13="Kalah"),"",PARAMETER!$C$5-G13)) | L13: =IF(E13="","",IF(OR(E13="Menang",E13="Kalah"),E13,IF(H13<PARAMETER!$C$5,"Terlambat","Berjalan")))
A14: D-009 | B14: PT Nusantara Jaya | C14: Rina Pratama | D14: Referral | E14: Proposal | F14: 45000000 | G14: 46123 | H14: 46406 | I14: =IF(E14="","",IFERROR(INDEX(PARAMETER!$C$9:$C$14,MATCH(E14,PARAMETER!$B$9:$B$14,0)),0)) | J14: =IF(OR(F14="",I14=""),"",F14*I14) | K14: =IF(OR(E14="",G14=""),"",IF(OR(E14="Menang",E14="Kalah"),"",PARAMETER!$C$5-G14)) | L14: =IF(E14="","",IF(OR(E14="Menang",E14="Kalah"),E14,IF(H14<PARAMETER!$C$5,"Terlambat","Berjalan")))
A15: D-010 | B15: UD Sumber Rejeki | C15: Dimas Anggoro | D15: Media Sosial | E15: Proposal | F15: 134000000 | G15: 46301 | H15: 46418 | I15: =IF(E15="","",IFERROR(INDEX(PARAMETER!$C$9:$C$14,MATCH(E15,PARAMETER!$B$9:$B$14,0)),0)) | J15: =IF(OR(F15="",I15=""),"",F15*I15) | K15: =IF(OR(E15="",G15=""),"",IF(OR(E15="Menang",E15="Kalah"),"",PARAMETER!$C$5-G15)) | L15: =IF(E15="","",IF(OR(E15="Menang",E15="Kalah"),E15,IF(H15<PARAMETER!$C$5,"Terlambat","Berjalan")))
A16: D-011 | B16: UD Sumber Rejeki | C16: Rina Pratama | D16: Pameran | E16: Kalah | F16: 226000000 | G16: 46135 | H16: 46199 | I16: =IF(E16="","",IFERROR(INDEX(PARAMETER!$C$9:$C$14,MATCH(E16,PARAMETER!$B$9:$B$14,0)),0)) | J16: =IF(OR(F16="",I16=""),"",F16*I16) | K16: =IF(OR(E16="",G16=""),"",IF(OR(E16="Menang",E16="Kalah"),"",PARAMETER!$C$5-G16)) | L16: =IF(E16="","",IF(OR(E16="Menang",E16="Kalah"),E16,IF(H16<PARAMETER!$C$5,"Terlambat","Berjalan")))
A17: D-012 | B17: PT Nusantara Jaya | C17: Rina Pratama | D17: Cold Call | E17: Negosiasi | F17: 304000000 | G17: 46307 | H17: 46414 | I17: =IF(E17="","",IFERROR(INDEX(PARAMETER!$C$9:$C$14,MATCH(E17,PARAMETER!$B$9:$B$14,0)),0)) | J17: =IF(OR(F17="",I17=""),"",F17*I17) | K17: =IF(OR(E17="",G17=""),"",IF(OR(E17="Menang",E17="Kalah"),"",PARAMETER!$C$5-G17)) | L17: =IF(E17="","",IF(OR(E17="Menang",E17="Kalah"),E17,IF(H17<PARAMETER!$C$5,"Terlambat","Berjalan")))
... A45: D-040 | B45: CV Berkah Sentosa | C45: Dimas Anggoro | D45: Pameran | E45: Prospek | F45: 36000000 | G45: 46133 | H45: 46434 | I45: =IF(E45="","",IFERROR(INDEX(PARAMETER!$C$9:$C$14,MATCH(E45,PARAMETER!$B$9:$B$14,0)),0)) | J45: =IF(OR(F45="",I45=""),"",F45*I45) | K45: =IF(OR(E45="",G45=""),"",IF(OR(E45="Menang",E45="Kalah"),"",PARAMETER!$C$5-G45)) | L45: =IF(E45="","",IF(OR(E45="Menang",E45="Kalah"),E45,IF(H45<PARAMETER!$C$5,"Terlambat","Berjalan")))
I46: =IF(E46="","",IFERROR(INDEX(PARAMETER!$C$9:$C$14,MATCH(E46,PARAMETER!$B$9:$B$14,0)),0)) | J46: =IF(OR(F46="",I46=""),"",F46*I46) | K46: =IF(OR(E46="",G46=""),"",IF(OR(E46="Menang",E46="Kalah"),"",PARAMETER!$C$5-G46)) | L46: =IF(E46="","",IF(OR(E46="Menang",E46="Kalah"),E46,IF(H46<PARAMETER!$C$5,"Terlambat","Berjalan")))
I47: =IF(E47="","",IFERROR(INDEX(PARAMETER!$C$9:$C$14,MATCH(E47,PARAMETER!$B$9:$B$14,0)),0)) | J47: =IF(OR(F47="",I47=""),"",F47*I47) | K47: =IF(OR(E47="",G47=""),"",IF(OR(E47="Menang",E47="Kalah"),"",PARAMETER!$C$5-G47)) | L47: =IF(E47="","",IF(OR(E47="Menang",E47="Kalah"),E47,IF(H47<PARAMETER!$C$5,"Terlambat","Berjalan")))
I48: =IF(E48="","",IFERROR(INDEX(PARAMETER!$C$9:$C$14,MATCH(E48,PARAMETER!$B$9:$B$14,0)),0)) | J48: =IF(OR(F48="",I48=""),"",F48*I48) | K48: =IF(OR(E48="",G48=""),"",IF(OR(E48="Menang",E48="Kalah"),"",PARAMETER!$C$5-G48)) | L48: =IF(E48="","",IF(OR(E48="Menang",E48="Kalah"),E48,IF(H48<PARAMETER!$C$5,"Terlambat","Berjalan")))
I49: =IF(E49="","",IFERROR(INDEX(PARAMETER!$C$9:$C$14,MATCH(E49,PARAMETER!$B$9:$B$14,0)),0)) | J49: =IF(OR(F49="",I49=""),"",F49*I49) | K49: =IF(OR(E49="",G49=""),"",IF(OR(E49="Menang",E49="Kalah"),"",PARAMETER!$C$5-G49)) | L49: =IF(E49="","",IF(OR(E49="Menang",E49="Kalah"),E49,IF(H49<PARAMETER!$C$5,"Terlambat","Berjalan")))
I50: =IF(E50="","",IFERROR(INDEX(PARAMETER!$C$9:$C$14,MATCH(E50,PARAMETER!$B$9:$B$14,0)),0)) | J50: =IF(OR(F50="",I50=""),"",F50*I50) | K50: =IF(OR(E50="",G50=""),"",IF(OR(E50="Menang",E50="Kalah"),"",PARAMETER!$C$5-G50)) | L50: =IF(E50="","",IF(OR(E50="Menang",E50="Kalah"),E50,IF(H50<PARAMETER!$C$5,"Terlambat","Berjalan")))
I51: =IF(E51="","",IFERROR(INDEX(PARAMETER!$C$9:$C$14,MATCH(E51,PARAMETER!$B$9:$B$14,0)),0)) | J51: =IF(OR(F51="",I51=""),"",F51*I51) | K51: =IF(OR(E51="",G51=""),"",IF(OR(E51="Menang",E51="Kalah"),"",PARAMETER!$C$5-G51)) | L51: =IF(E51="","",IF(OR(E51="Menang",E51="Kalah"),E51,IF(H51<PARAMETER!$C$5,"Terlambat","Berjalan")))
I52: =IF(E52="","",IFERROR(INDEX(PARAMETER!$C$9:$C$14,MATCH(E52,PARAMETER!$B$9:$B$14,0)),0)) | J52: =IF(OR(F52="",I52=""),"",F52*I52) | K52: =IF(OR(E52="",G52=""),"",IF(OR(E52="Menang",E52="Kalah"),"",PARAMETER!$C$5-G52)) | L52: =IF(E52="","",IF(OR(E52="Menang",E52="Kalah"),E52,IF(H52<PARAMETER!$C$5,"Terlambat","Berjalan")))
I53: =IF(E53="","",IFERROR(INDEX(PARAMETER!$C$9:$C$14,MATCH(E53,PARAMETER!$B$9:$B$14,0)),0)) | J53: =IF(OR(F53="",I53=""),"",F53*I53) | K53: =IF(OR(E53="",G53=""),"",IF(OR(E53="Menang",E53="Kalah"),"",PARAMETER!$C$5-G53)) | L53: =IF(E53="","",IF(OR(E53="Menang",E53="Kalah"),E53,IF(H53<PARAMETER!$C$5,"Terlambat","Berjalan")))
I54: =IF(E54="","",IFERROR(INDEX(PARAMETER!$C$9:$C$14,MATCH(E54,PARAMETER!$B$9:$B$14,0)),0)) | J54: =IF(OR(F54="",I54=""),"",F54*I54) | K54: =IF(OR(E54="",G54=""),"",IF(OR(E54="Menang",E54="Kalah"),"",PARAMETER!$C$5-G54)) | L54: =IF(E54="","",IF(OR(E54="Menang",E54="Kalah"),E54,IF(H54<PARAMETER!$C$5,"Terlambat","Berjalan")))
I55: =IF(E55="","",IFERROR(INDEX(PARAMETER!$C$9:$C$14,MATCH(E55,PARAMETER!$B$9:$B$14,0)),0)) | J55: =IF(OR(F55="",I55=""),"",F55*I55) | K55: =IF(OR(E55="",G55=""),"",IF(OR(E55="Menang",E55="Kalah"),"",PARAMETER!$C$5-G55)) | L55: =IF(E55="","",IF(OR(E55="Menang",E55="Kalah"),E55,IF(H55<PARAMETER!$C$5,"Terlambat","Berjalan")))
I56: =IF(E56="","",IFERROR(INDEX(PARAMETER!$C$9:$C$14,MATCH(E56,PARAMETER!$B$9:$B$14,0)),0)) | J56: =IF(OR(F56="",I56=""),"",F56*I56) | K56: =IF(OR(E56="",G56=""),"",IF(OR(E56="Menang",E56="Kalah"),"",PARAMETER!$C$5-G56)) | L56: =IF(E56="","",IF(OR(E56="Menang",E56="Kalah"),E56,IF(H56<PARAMETER!$C$5,"Terlambat","Berjalan")))
I57: =IF(E57="","",IFERROR(INDEX(PARAMETER!$C$9:$C$14,MATCH(E57,PARAMETER!$B$9:$B$14,0)),0)) | J57: =IF(OR(F57="",I57=""),"",F57*I57) | K57: =IF(OR(E57="",G57=""),"",IF(OR(E57="Menang",E57="Kalah"),"",PARAMETER!$C$5-G57)) | L57: =IF(E57="","",IF(OR(E57="Menang",E57="Kalah"),E57,IF(H57<PARAMETER!$C$5,"Terlambat","Berjalan")))
... I65: =IF(E65="","",IFERROR(INDEX(PARAMETER!$C$9:$C$14,MATCH(E65,PARAMETER!$B$9:$B$14,0)),0)) | J65: =IF(OR(F65="",I65=""),"",F65*I65) | K65: =IF(OR(E65="",G65=""),"",IF(OR(E65="Menang",E65="Kalah"),"",PARAMETER!$C$5-G65)) | L65: =IF(E65="","",IF(OR(E65="Menang",E65="Kalah"),E65,IF(H65<PARAMETER!$C$5,"Terlambat","Berjalan")))

Sheet RINGKASAN
A1: Ringkasan Pipeline
A2: ="Per tanggal "&TEXT(PARAMETER!C5,"dd-mmm-yyyy")
A3: VERSI DEMO: kapasitas & fitur dibatasi, data simulasi. Versi lengkap: WhatsApp 089623291732
A5: Tahap | B5: Jumlah Deal | C5: Nilai (Rp) | D5: Tertimbang (Rp)
A6: =PARAMETER!B9 | B6: =COUNTIFS(DEAL!$E$6:$E$65,A6) | C6: =SUMIFS(DEAL!$F$6:$F$65,DEAL!$E$6:$E$65,A6) | D6: =SUMIFS(DEAL!$J$6:$J$65,DEAL!$E$6:$E$65,A6)
A7: =PARAMETER!B10 | B7: =COUNTIFS(DEAL!$E$6:$E$65,A7) | C7: =SUMIFS(DEAL!$F$6:$F$65,DEAL!$E$6:$E$65,A7) | D7: =SUMIFS(DEAL!$J$6:$J$65,DEAL!$E$6:$E$65,A7)
A8: =PARAMETER!B11 | B8: =COUNTIFS(DEAL!$E$6:$E$65,A8) | C8: =SUMIFS(DEAL!$F$6:$F$65,DEAL!$E$6:$E$65,A8) | D8: =SUMIFS(DEAL!$J$6:$J$65,DEAL!$E$6:$E$65,A8)
A9: =PARAMETER!B12 | B9: =COUNTIFS(DEAL!$E$6:$E$65,A9) | C9: =SUMIFS(DEAL!$F$6:$F$65,DEAL!$E$6:$E$65,A9) | D9: =SUMIFS(DEAL!$J$6:$J$65,DEAL!$E$6:$E$65,A9)
A10: =PARAMETER!B13 | B10: =COUNTIFS(DEAL!$E$6:$E$65,A10) | C10: =SUMIFS(DEAL!$F$6:$F$65,DEAL!$E$6:$E$65,A10) | D10: =SUMIFS(DEAL!$J$6:$J$65,DEAL!$E$6:$E$65,A10)
A11: =PARAMETER!B14 | B11: =COUNTIFS(DEAL!$E$6:$E$65,A11) | C11: =SUMIFS(DEAL!$F$6:$F$65,DEAL!$E$6:$E$65,A11) | D11: =SUMIFS(DEAL!$J$6:$J$65,DEAL!$E$6:$E$65,A11)
A12: TOTAL | B12: =SUM(B6:B11) | C12: =SUM(C6:C11) | D12: =SUM(D6:D11)
A14: INDIKATOR UTAMA
A15: Pipeline terbuka (Rp) | B15: =SUM(C6:C9)
A16: Pipeline terbuka tertimbang (Rp) | B16: =SUM(D6:D9)
A17: Nilai menang (Rp) | B17: =C10
A18: Win rate (jumlah deal) | B18: =IF(B10+B11=0,0,B10/(B10+B11))
A19: Win rate (nilai) | B19: =IF(C10+C11=0,0,C10/(C10+C11))
A20: Rata-rata nilai deal menang (Rp) | B20: =IF(B10=0,0,C10/B10)
A21: Deal terlambat (jumlah) | B21: =COUNTIFS(DEAL!$L$6:$L$65,"Terlambat")
A22: Target penjualan (Rp) | B22: =PARAMETER!C6
A23: Capaian (menang / target) | B23: =IF(B22=0,0,B17/B22)
A24: Coverage: tertimbang / sisa target | B24: =IF(B22-B17<=0,"Target tercapai",B16/(B22-B17))
