Workbook

Sheet PETUNJUK
B1: Mantam Product
B2: Target & Komisi Sales
B3: Hitung pencapaian target dan komisi berjenjang tiap tenaga penjual secara otomatis dari catatan penjualan.
B5: Lisensi | C5: VERSI DEMO. Kapasitas dan fitur dibatasi. Pesan versi lengkap: WhatsApp 089623291732
B7: Cara memakai
B8: Langkah 1 | C8: Isi tahun, bulan periode, tarif per tingkat pencapaian, dan bonus di PARAMETER.
B9: Langkah 2 | C9: Daftarkan sales dan target bulanan di SALES.
B10: Langkah 3 | C10: Catat setiap penjualan di PENJUALAN (tanggal, sales, jenis, nilai).
B11: Langkah 4 | C11: Baca KOMISI: ganti bulan periode untuk melihat bulan lain.
B13: Isi berkas
B14: PARAMETER | C14: Tahun, bulan periode, tabel tarif komisi per tingkat pencapaian, dan bonus.
B15: SALES | C15: Daftar tenaga penjual, wilayah, dan target bulanan.
B16: PENJUALAN | C16: Catatan penjualan (kapasitas 300 baris): tanggal, sales, jenis, nilai.
B17: KOMISI | C17: Perhitungan target, realisasi, pencapaian, tarif, komisi, bonus, dan peringkat untuk bulan terpilih.
B19: Legenda warna
B20: Teks biru | C20: Sel input: boleh Anda ubah (tidak terkunci).
B21: Sel kuning | C21: Parameter kunci: periksa terlebih dulu.
B22: Teks hitam | C22: Rumus otomatis (terkunci; Review > Unprotect Sheet tanpa kata sandi bila perlu).
B24: Catatan
C25: • Seluruh data adalah simulasi buatan, bukan data perusahaan nyata.
C26: • Hasil perhitungan adalah alat bantu; verifikasi dengan akuntan/konsultan sebelum dipakai untuk keputusan atau pelaporan resmi.
C27: • Tarif komisi berlaku untuk seluruh realisasi bulan itu sesuai tingkat pencapaian (bukan bertingkat marginal).
C28: • Skema komisi ini contoh; sesuaikan dengan kebijakan perusahaan dan perjanjian kerja.

Sheet PARAMETER
A1: Parameter
A2: Isi sel kuning.
A3: VERSI DEMO: kapasitas & fitur dibatasi, data simulasi. Versi lengkap: WhatsApp 089623291732
B5: Tahun | C5: 2026
B6: Bulan periode (1-12) | C6: 10
B7: Bonus pencapaian ≥ 100% (Rp) | C7: 2000000
B9: Pencapaian minimal | C9: Tarif komisi | D9: Keterangan
B10: 0 | C10: 0.01 | D10: Di bawah 80%
B11: 0.8 | C11: 0.02 | D11: 80% sampai kurang dari 100%
B12: 1 | C12: 0.03 | D12: 100% sampai kurang dari 120%
B13: 1.2 | C13: 0.04 | D13: 120% ke atas
B14: Batas minimal harus berurutan dari kecil ke besar; baris pertama harus 0%.

Sheet SALES
A1: Daftar Sales
A3: VERSI DEMO: kapasitas & fitur dibatasi, data simulasi. Versi lengkap: WhatsApp 089623291732
A5: Nama | B5: Wilayah | C5: Target Bulanan (Rp)
A6: Rina Pratama | B6: Jakarta | C6: 200000000
A7: Dimas Anggoro | B7: Bandung | C7: 400000000
A8: Sekar Wulandari | B8: Surabaya | C8: 200000000
A9: Bagas Nugroho | B9: Medan | C9: 400000000
A10: Maya Kusuma | B10: Makassar | C10: 350000000

Sheet PENJUALAN
A1: Catatan Penjualan
A2: Kapasitas 300 baris
A3: VERSI DEMO: kapasitas & fitur dibatasi, data simulasi. Versi lengkap: WhatsApp 089623291732
A5: Tanggal | B5: Sales | C5: Jenis | D5: Nilai (Rp)
A6: 46267 | B6: Maya Kusuma | C6: Distributor | D6: 33600000
A7: 46268 | B7: Bagas Nugroho | C7: Reseller | D7: 45600000
A8: 46268 | B8: Maya Kusuma | C8: Langganan | D8: 22700000
A9: 46270 | B9: Bagas Nugroho | C9: Langganan | D9: 177900000
A10: 46272 | B10: Maya Kusuma | C10: Distributor | D10: 12100000
A11: 46274 | B11: Dimas Anggoro | C11: Langganan | D11: 24500000
A12: 46274 | B12: Sekar Wulandari | C12: Reseller | D12: 30500000
A13: 46275 | B13: Bagas Nugroho | C13: Langganan | D13: 5700000
A14: 46276 | B14: Rina Pratama | C14: Kontrak Tahunan | D14: 27300000
A15: 46277 | B15: Rina Pratama | C15: Proyek Khusus | D15: 3600000
A16: 46277 | B16: Sekar Wulandari | C16: Paket Retail | D16: 39600000
A17: 46278 | B17: Rina Pratama | C17: Proyek Khusus | D17: 17800000
... A87: 46326 | B87: Dimas Anggoro | C87: Reseller | D87: 54500000

Sheet KOMISI
A1: Perhitungan Komisi
A2: ="Periode: "&TEXT(DATE(PARAMETER!C5,PARAMETER!C6,1),"mmmm yyyy")
A3: VERSI DEMO: kapasitas & fitur dibatasi, data simulasi. Versi lengkap: WhatsApp 089623291732
A5: Sales | B5: Wilayah | C5: Target (Rp) | D5: Realisasi (Rp) | E5: Pencapaian | F5: Tarif | G5: Komisi (Rp) | H5: Bonus (Rp) | I5: Total (Rp) | J5: Peringkat
A6: =IF(SALES!A6="","",SALES!A6) | B6: =IF($A6="","",SALES!B6) | C6: =IF($A6="","",SALES!C6) | D6: =IF($A6="","",SUMIFS(PENJUALAN!$D$6:$D$305,PENJUALAN!$B$6:$B$305,$A6,PENJUALAN!$A$6:$A$305,">="&DATE(PARAMETER!$C$5,PARAMETER!$C$6,1),PENJUALAN!$A$6:$A$305,"<"&EDATE(DATE(PARAMETER!$C$5,PARAMETER!$C$6,1),1))) | E6: =IF($A6="","",IF(C6=0,0,D6/C6)) | F6: =IF($A6="","",INDEX(PARAMETER!$C$10:$C$13,MATCH(E6,PARAMETER!$B$10:$B$13,1))) | G6: =IF($A6="","",D6*F6) | H6: =IF($A6="","",IF(E6>=1,PARAMETER!$C$7,0)) | I6: =IF($A6="","",G6+H6) | J6: =IF($A6="","",RANK(M6,$M$6:$M$17)) | M6: =IF($A6="","",E6+ROW()*0.0000001)
A7: =IF(SALES!A7="","",SALES!A7) | B7: =IF($A7="","",SALES!B7) | C7: =IF($A7="","",SALES!C7) | D7: =IF($A7="","",SUMIFS(PENJUALAN!$D$6:$D$305,PENJUALAN!$B$6:$B$305,$A7,PENJUALAN!$A$6:$A$305,">="&DATE(PARAMETER!$C$5,PARAMETER!$C$6,1),PENJUALAN!$A$6:$A$305,"<"&EDATE(DATE(PARAMETER!$C$5,PARAMETER!$C$6,1),1))) | E7: =IF($A7="","",IF(C7=0,0,D7/C7)) | F7: =IF($A7="","",INDEX(PARAMETER!$C$10:$C$13,MATCH(E7,PARAMETER!$B$10:$B$13,1))) | G7: =IF($A7="","",D7*F7) | H7: =IF($A7="","",IF(E7>=1,PARAMETER!$C$7,0)) | I7: =IF($A7="","",G7+H7) | J7: =IF($A7="","",RANK(M7,$M$6:$M$17)) | M7: =IF($A7="","",E7+ROW()*0.0000001)
A8: =IF(SALES!A8="","",SALES!A8) | B8: =IF($A8="","",SALES!B8) | C8: =IF($A8="","",SALES!C8) | D8: =IF($A8="","",SUMIFS(PENJUALAN!$D$6:$D$305,PENJUALAN!$B$6:$B$305,$A8,PENJUALAN!$A$6:$A$305,">="&DATE(PARAMETER!$C$5,PARAMETER!$C$6,1),PENJUALAN!$A$6:$A$305,"<"&EDATE(DATE(PARAMETER!$C$5,PARAMETER!$C$6,1),1))) | E8: =IF($A8="","",IF(C8=0,0,D8/C8)) | F8: =IF($A8="","",INDEX(PARAMETER!$C$10:$C$13,MATCH(E8,PARAMETER!$B$10:$B$13,1))) | G8: =IF($A8="","",D8*F8) | H8: =IF($A8="","",IF(E8>=1,PARAMETER!$C$7,0)) | I8: =IF($A8="","",G8+H8) | J8: =IF($A8="","",RANK(M8,$M$6:$M$17)) | M8: =IF($A8="","",E8+ROW()*0.0000001)
A9: =IF(SALES!A9="","",SALES!A9) | B9: =IF($A9="","",SALES!B9) | C9: =IF($A9="","",SALES!C9) | D9: =IF($A9="","",SUMIFS(PENJUALAN!$D$6:$D$305,PENJUALAN!$B$6:$B$305,$A9,PENJUALAN!$A$6:$A$305,">="&DATE(PARAMETER!$C$5,PARAMETER!$C$6,1),PENJUALAN!$A$6:$A$305,"<"&EDATE(DATE(PARAMETER!$C$5,PARAMETER!$C$6,1),1))) | E9: =IF($A9="","",IF(C9=0,0,D9/C9)) | F9: =IF($A9="","",INDEX(PARAMETER!$C$10:$C$13,MATCH(E9,PARAMETER!$B$10:$B$13,1))) | G9: =IF($A9="","",D9*F9) | H9: =IF($A9="","",IF(E9>=1,PARAMETER!$C$7,0)) | I9: =IF($A9="","",G9+H9) | J9: =IF($A9="","",RANK(M9,$M$6:$M$17)) | M9: =IF($A9="","",E9+ROW()*0.0000001)
A10: =IF(SALES!A10="","",SALES!A10) | B10: =IF($A10="","",SALES!B10) | C10: =IF($A10="","",SALES!C10) | D10: =IF($A10="","",SUMIFS(PENJUALAN!$D$6:$D$305,PENJUALAN!$B$6:$B$305,$A10,PENJUALAN!$A$6:$A$305,">="&DATE(PARAMETER!$C$5,PARAMETER!$C$6,1),PENJUALAN!$A$6:$A$305,"<"&EDATE(DATE(PARAMETER!$C$5,PARAMETER!$C$6,1),1))) | E10: =IF($A10="","",IF(C10=0,0,D10/C10)) | F10: =IF($A10="","",INDEX(PARAMETER!$C$10:$C$13,MATCH(E10,PARAMETER!$B$10:$B$13,1))) | G10: =IF($A10="","",D10*F10) | H10: =IF($A10="","",IF(E10>=1,PARAMETER!$C$7,0)) | I10: =IF($A10="","",G10+H10) | J10: =IF($A10="","",RANK(M10,$M$6:$M$17)) | M10: =IF($A10="","",E10+ROW()*0.0000001)
A11: =IF(SALES!A11="","",SALES!A11) | B11: =IF($A11="","",SALES!B11) | C11: =IF($A11="","",SALES!C11) | D11: =IF($A11="","",SUMIFS(PENJUALAN!$D$6:$D$305,PENJUALAN!$B$6:$B$305,$A11,PENJUALAN!$A$6:$A$305,">="&DATE(PARAMETER!$C$5,PARAMETER!$C$6,1),PENJUALAN!$A$6:$A$305,"<"&EDATE(DATE(PARAMETER!$C$5,PARAMETER!$C$6,1),1))) | E11: =IF($A11="","",IF(C11=0,0,D11/C11)) | F11: =IF($A11="","",INDEX(PARAMETER!$C$10:$C$13,MATCH(E11,PARAMETER!$B$10:$B$13,1))) | G11: =IF($A11="","",D11*F11) | H11: =IF($A11="","",IF(E11>=1,PARAMETER!$C$7,0)) | I11: =IF($A11="","",G11+H11) | J11: =IF($A11="","",RANK(M11,$M$6:$M$17)) | M11: =IF($A11="","",E11+ROW()*0.0000001)
A12: =IF(SALES!A12="","",SALES!A12) | B12: =IF($A12="","",SALES!B12) | C12: =IF($A12="","",SALES!C12) | D12: =IF($A12="","",SUMIFS(PENJUALAN!$D$6:$D$305,PENJUALAN!$B$6:$B$305,$A12,PENJUALAN!$A$6:$A$305,">="&DATE(PARAMETER!$C$5,PARAMETER!$C$6,1),PENJUALAN!$A$6:$A$305,"<"&EDATE(DATE(PARAMETER!$C$5,PARAMETER!$C$6,1),1))) | E12: =IF($A12="","",IF(C12=0,0,D12/C12)) | F12: =IF($A12="","",INDEX(PARAMETER!$C$10:$C$13,MATCH(E12,PARAMETER!$B$10:$B$13,1))) | G12: =IF($A12="","",D12*F12) | H12: =IF($A12="","",IF(E12>=1,PARAMETER!$C$7,0)) | I12: =IF($A12="","",G12+H12) | J12: =IF($A12="","",RANK(M12,$M$6:$M$17)) | M12: =IF($A12="","",E12+ROW()*0.0000001)
A13: =IF(SALES!A13="","",SALES!A13) | B13: =IF($A13="","",SALES!B13) | C13: =IF($A13="","",SALES!C13) | D13: =IF($A13="","",SUMIFS(PENJUALAN!$D$6:$D$305,PENJUALAN!$B$6:$B$305,$A13,PENJUALAN!$A$6:$A$305,">="&DATE(PARAMETER!$C$5,PARAMETER!$C$6,1),PENJUALAN!$A$6:$A$305,"<"&EDATE(DATE(PARAMETER!$C$5,PARAMETER!$C$6,1),1))) | E13: =IF($A13="","",IF(C13=0,0,D13/C13)) | F13: =IF($A13="","",INDEX(PARAMETER!$C$10:$C$13,MATCH(E13,PARAMETER!$B$10:$B$13,1))) | G13: =IF($A13="","",D13*F13) | H13: =IF($A13="","",IF(E13>=1,PARAMETER!$C$7,0)) | I13: =IF($A13="","",G13+H13) | J13: =IF($A13="","",RANK(M13,$M$6:$M$17)) | M13: =IF($A13="","",E13+ROW()*0.0000001)
A14: =IF(SALES!A14="","",SALES!A14) | B14: =IF($A14="","",SALES!B14) | C14: =IF($A14="","",SALES!C14) | D14: =IF($A14="","",SUMIFS(PENJUALAN!$D$6:$D$305,PENJUALAN!$B$6:$B$305,$A14,PENJUALAN!$A$6:$A$305,">="&DATE(PARAMETER!$C$5,PARAMETER!$C$6,1),PENJUALAN!$A$6:$A$305,"<"&EDATE(DATE(PARAMETER!$C$5,PARAMETER!$C$6,1),1))) | E14: =IF($A14="","",IF(C14=0,0,D14/C14)) | F14: =IF($A14="","",INDEX(PARAMETER!$C$10:$C$13,MATCH(E14,PARAMETER!$B$10:$B$13,1))) | G14: =IF($A14="","",D14*F14) | H14: =IF($A14="","",IF(E14>=1,PARAMETER!$C$7,0)) | I14: =IF($A14="","",G14+H14) | J14: =IF($A14="","",RANK(M14,$M$6:$M$17)) | M14: =IF($A14="","",E14+ROW()*0.0000001)
A15: =IF(SALES!A15="","",SALES!A15) | B15: =IF($A15="","",SALES!B15) | C15: =IF($A15="","",SALES!C15) | D15: =IF($A15="","",SUMIFS(PENJUALAN!$D$6:$D$305,PENJUALAN!$B$6:$B$305,$A15,PENJUALAN!$A$6:$A$305,">="&DATE(PARAMETER!$C$5,PARAMETER!$C$6,1),PENJUALAN!$A$6:$A$305,"<"&EDATE(DATE(PARAMETER!$C$5,PARAMETER!$C$6,1),1))) | E15: =IF($A15="","",IF(C15=0,0,D15/C15)) | F15: =IF($A15="","",INDEX(PARAMETER!$C$10:$C$13,MATCH(E15,PARAMETER!$B$10:$B$13,1))) | G15: =IF($A15="","",D15*F15) | H15: =IF($A15="","",IF(E15>=1,PARAMETER!$C$7,0)) | I15: =IF($A15="","",G15+H15) | J15: =IF($A15="","",RANK(M15,$M$6:$M$17)) | M15: =IF($A15="","",E15+ROW()*0.0000001)
A16: =IF(SALES!A16="","",SALES!A16) | B16: =IF($A16="","",SALES!B16) | C16: =IF($A16="","",SALES!C16) | D16: =IF($A16="","",SUMIFS(PENJUALAN!$D$6:$D$305,PENJUALAN!$B$6:$B$305,$A16,PENJUALAN!$A$6:$A$305,">="&DATE(PARAMETER!$C$5,PARAMETER!$C$6,1),PENJUALAN!$A$6:$A$305,"<"&EDATE(DATE(PARAMETER!$C$5,PARAMETER!$C$6,1),1))) | E16: =IF($A16="","",IF(C16=0,0,D16/C16)) | F16: =IF($A16="","",INDEX(PARAMETER!$C$10:$C$13,MATCH(E16,PARAMETER!$B$10:$B$13,1))) | G16: =IF($A16="","",D16*F16) | H16: =IF($A16="","",IF(E16>=1,PARAMETER!$C$7,0)) | I16: =IF($A16="","",G16+H16) | J16: =IF($A16="","",RANK(M16,$M$6:$M$17)) | M16: =IF($A16="","",E16+ROW()*0.0000001)
A17: =IF(SALES!A17="","",SALES!A17) | B17: =IF($A17="","",SALES!B17) | C17: =IF($A17="","",SALES!C17) | D17: =IF($A17="","",SUMIFS(PENJUALAN!$D$6:$D$305,PENJUALAN!$B$6:$B$305,$A17,PENJUALAN!$A$6:$A$305,">="&DATE(PARAMETER!$C$5,PARAMETER!$C$6,1),PENJUALAN!$A$6:$A$305,"<"&EDATE(DATE(PARAMETER!$C$5,PARAMETER!$C$6,1),1))) | E17: =IF($A17="","",IF(C17=0,0,D17/C17)) | F17: =IF($A17="","",INDEX(PARAMETER!$C$10:$C$13,MATCH(E17,PARAMETER!$B$10:$B$13,1))) | G17: =IF($A17="","",D17*F17) | H17: =IF($A17="","",IF(E17>=1,PARAMETER!$C$7,0)) | I17: =IF($A17="","",G17+H17) | J17: =IF($A17="","",RANK(M17,$M$6:$M$17)) | M17: =IF($A17="","",E17+ROW()*0.0000001)
A18: TOTAL | C18: =SUM(C6:C17) | D18: =SUM(D6:D17) | E18: =IF(C18=0,0,D18/C18) | G18: =SUM(G6:G17) | H18: =SUM(H6:H17) | I18: =SUM(I6:I17)
