Workbook

Sheet PETUNJUK
B1: Mantam Product
B2: Talent Review 9-Box & Kompetensi
B3: Petakan kinerja dan potensi karyawan ke matriks 9-box, ukur gap kompetensi, dan tetapkan tindakan pengembangan.
B5: Lisensi | C5: VERSI DEMO. Kapasitas dan fitur dibatasi. Pesan versi lengkap: WhatsApp 089623291732
B7: Cara memakai
B8: Langkah 1 | C8: Atur ambang, bobot, dan target kompetensi di PARAMETER (sel kuning).
B9: Langkah 2 | C9: Isi data karyawan di KARYAWAN: kinerja dan potensi (skala 1-5) serta skor 6 kompetensi.
B10: Langkah 3 | C10: Kotak 9-box, skor kompetensi, gap, fokus pengembangan, dan tindakan terisi otomatis.
B11: Langkah 4 | C11: Baca RINGKASAN.
B13: Isi berkas
B14: PARAMETER | C14: Tanggal laporan, ambang Tinggi/Sedang, bobot dan target tiap kompetensi, serta tabel tindakan 9 kotak.
B15: KARYAWAN | C15: Data karyawan (kapasitas 20): kinerja, potensi, 6 kompetensi; skor, gap, kotak 9-box, dan tindakan terisi otomatis.
B16: RINGKASAN | C16: Sebaran karyawan per kotak 9-box dan indikator utama.
B18: Legenda warna
B19: Teks biru | C19: Sel input: boleh Anda ubah (tidak terkunci).
B20: Sel kuning | C20: Parameter kunci: periksa terlebih dulu.
B21: Teks hitam | C21: Rumus otomatis (terkunci; Review > Unprotect Sheet tanpa kata sandi bila perlu).
B23: Catatan
C24: • Seluruh data adalah simulasi buatan, bukan data perusahaan nyata.
C25: • Hasil perhitungan adalah alat bantu; verifikasi dengan akuntan/konsultan sebelum dipakai untuk keputusan atau pelaporan resmi.
C26: • Penilaian kinerja dan potensi bersifat subjektif; gunakan sebagai bahan diskusi kalibrasi antaratasan, bukan keputusan otomatis.
C27: • Data karyawan bersifat rahasia; simpan dan bagikan sesuai kebijakan privasi perusahaan Anda.

Sheet PARAMETER
A1: Parameter
A2: Isi sel kuning.
A3: VERSI DEMO: kapasitas & fitur dibatasi, data simulasi. Versi lengkap: WhatsApp 089623291732
B5: Tanggal laporan | C5: 46326
B6: Ambang level Tinggi (≥) | C6: 4 | D6: Di bawah ambang Sedang = Rendah
B7: Ambang level Sedang (≥) | C7: 3
B9: KOMPETENSI
B10: Kompetensi | C10: Kepemimpinan | D10: Komunikasi | E10: Analitis | F10: Kolaborasi | G10: Orientasi Hasil | H10: Inovasi
B11: Bobot | C11: 1 | D11: 1 | E11: 1 | F11: 1 | G11: 1 | H11: 1
B12: Target level | C12: 3.5 | D12: 3.5 | E12: 3.5 | F12: 3.5 | G12: 3.5 | H12: 3.5
B14: Kotak | C14: Nama kotak | E14: Tindakan yang disarankan
B15: 1 | C15: Risiko | E15: Tinjau kesesuaian peran; rencana perbaikan 90 hari atau penempatan ulang.
B16: 2 | C16: Perlu Perbaikan | E16: Coaching intensif, target jelas, evaluasi 60 hari.
B17: 3 | C17: Berlian Mentah | E17: Cari akar masalah kinerja; mentor dan penugasan yang tepat.
B18: 4 | C18: Pemain Efektif | E18: Pertahankan; tingkatkan keahlian teknis dan keterlibatan.
B19: 5 | C19: Pemain Inti | E19: Kembangkan lewat penugasan lintas fungsi dan pelatihan terarah.
B20: 6 | C20: Calon Bintang | E20: Program akselerasi, proyek stretch, dan eksposur ke manajemen.
B21: 7 | C21: Pakar Andal | E21: Hargai keahlian; jadikan mentor dan rujukan teknis.
B22: 8 | C22: Kinerja Tinggi | E22: Perluas tanggung jawab; siapkan jalur karier lanjutan.
B23: 9 | C23: Bintang | E23: Percepat promosi, masukkan daftar suksesi, dan jaga retensi.
B25: Nomor kotak = (level kinerja − 1) × 3 + level potensi, dengan level 1 = Rendah, 2 = Sedang, 3 = Tinggi.
B27: Departemen
B28: Operasional
B29: Keuangan
B30: Pemasaran
B31: SDM

Sheet KARYAWAN
A1: Data Karyawan
A2: Kapasitas 20 baris. Skor 1-5 dengan satu desimal.
A3: VERSI DEMO: kapasitas & fitur dibatasi, data simulasi. Versi lengkap: WhatsApp 089623291732
A5: ID | B5: Nama | C5: Departemen | D5: Jabatan | E5: Grade | F5: Tgl Masuk | G5: Kinerja (1-5) | H5: Potensi (1-5) | I5: Kepemimpinan | J5: Komunikasi | K5: Analitis | L5: Kolaborasi | M5: Orientasi Hasil | N5: Inovasi | O5: Masa Kerja (thn) | P5: Skor Kompetensi | Q5: Gap Rata-rata | R5: Level Kinerja | S5: Level Potensi | T5: Kotak | U5: Nama Kotak | V5: Fokus Pengembangan | W5: Tindakan
A6: K-001 | B6: Yusuf Kusuma | C6: SDM | D6: Staf | E6: G6 | F6: 43667 | G6: 4.1 | H6: 4 | I6: 3.5 | J6: 3.8 | K6: 3.4 | L6: 2.7 | M6: 4.9 | N6: 3.4 | O6: =IF($A6="","",ROUND((PARAMETER!$C$5-F6)/365.25,1)) | P6: =IF($A6="","",SUMPRODUCT(I6:N6,PARAMETER!$C$11:$H$11)/SUM(PARAMETER!$C$11:$H$11)) | Q6: =IF($A6="","",SUMPRODUCT((PARAMETER!$C$12:$H$12-I6:N6>0)*(PARAMETER!$C$12:$H$12-I6:N6))/6) | R6: =IF($A6="","",IF(G6>=PARAMETER!$C$6,3,IF(G6>=PARAMETER!$C$7,2,1))) | S6: =IF($A6="","",IF(H6>=PARAMETER!$C$6,3,IF(H6>=PARAMETER!$C$7,2,1))) | T6: =IF($A6="","",(R6-1)*3+S6) | U6: =IF($A6="","",INDEX(PARAMETER!$C$15:$C$23,T6)) | V6: =IF($A6="","",INDEX(PARAMETER!$C$10:$H$10,MATCH(MIN(I6:N6),I6:N6,0))) | W6: =IF($A6="","",INDEX(PARAMETER!$E$15:$E$23,T6))
A7: K-002 | B7: Wulan Lestari | C7: Pemasaran | D7: Staf | E7: G4 | F7: 46001 | G7: 3.7 | H7: 3.4 | I7: 4.1 | J7: 4.2 | K7: 3.7 | L7: 3.6 | M7: 3.1 | N7: 3.2 | O7: =IF($A7="","",ROUND((PARAMETER!$C$5-F7)/365.25,1)) | P7: =IF($A7="","",SUMPRODUCT(I7:N7,PARAMETER!$C$11:$H$11)/SUM(PARAMETER!$C$11:$H$11)) | Q7: =IF($A7="","",SUMPRODUCT((PARAMETER!$C$12:$H$12-I7:N7>0)*(PARAMETER!$C$12:$H$12-I7:N7))/6) | R7: =IF($A7="","",IF(G7>=PARAMETER!$C$6,3,IF(G7>=PARAMETER!$C$7,2,1))) | S7: =IF($A7="","",IF(H7>=PARAMETER!$C$6,3,IF(H7>=PARAMETER!$C$7,2,1))) | T7: =IF($A7="","",(R7-1)*3+S7) | U7: =IF($A7="","",INDEX(PARAMETER!$C$15:$C$23,T7)) | V7: =IF($A7="","",INDEX(PARAMETER!$C$10:$H$10,MATCH(MIN(I7:N7),I7:N7,0))) | W7: =IF($A7="","",INDEX(PARAMETER!$E$15:$E$23,T7))
A8: K-003 | B8: Kevin Lestari | C8: Operasional | D8: Supervisor | E8: G6 | F8: 46165 | G8: 4.2 | H8: 4.1 | I8: 3.6 | J8: 4.5 | K8: 4 | L8: 3.8 | M8: 3.7 | N8: 3.8 | O8: =IF($A8="","",ROUND((PARAMETER!$C$5-F8)/365.25,1)) | P8: =IF($A8="","",SUMPRODUCT(I8:N8,PARAMETER!$C$11:$H$11)/SUM(PARAMETER!$C$11:$H$11)) | Q8: =IF($A8="","",SUMPRODUCT((PARAMETER!$C$12:$H$12-I8:N8>0)*(PARAMETER!$C$12:$H$12-I8:N8))/6) | R8: =IF($A8="","",IF(G8>=PARAMETER!$C$6,3,IF(G8>=PARAMETER!$C$7,2,1))) | S8: =IF($A8="","",IF(H8>=PARAMETER!$C$6,3,IF(H8>=PARAMETER!$C$7,2,1))) | T8: =IF($A8="","",(R8-1)*3+S8) | U8: =IF($A8="","",INDEX(PARAMETER!$C$15:$C$23,T8)) | V8: =IF($A8="","",INDEX(PARAMETER!$C$10:$H$10,MATCH(MIN(I8:N8),I8:N8,0))) | W8: =IF($A8="","",INDEX(PARAMETER!$E$15:$E$23,T8))
A9: K-004 | B9: Salsa Nugroho | C9: SDM | D9: Supervisor | E9: G3 | F9: 46110 | G9: 3.5 | H9: 3.4 | I9: 3 | J9: 3.2 | K9: 3.4 | L9: 3.8 | M9: 3.1 | N9: 3 | O9: =IF($A9="","",ROUND((PARAMETER!$C$5-F9)/365.25,1)) | P9: =IF($A9="","",SUMPRODUCT(I9:N9,PARAMETER!$C$11:$H$11)/SUM(PARAMETER!$C$11:$H$11)) | Q9: =IF($A9="","",SUMPRODUCT((PARAMETER!$C$12:$H$12-I9:N9>0)*(PARAMETER!$C$12:$H$12-I9:N9))/6) | R9: =IF($A9="","",IF(G9>=PARAMETER!$C$6,3,IF(G9>=PARAMETER!$C$7,2,1))) | S9: =IF($A9="","",IF(H9>=PARAMETER!$C$6,3,IF(H9>=PARAMETER!$C$7,2,1))) | T9: =IF($A9="","",(R9-1)*3+S9) | U9: =IF($A9="","",INDEX(PARAMETER!$C$15:$C$23,T9)) | V9: =IF($A9="","",INDEX(PARAMETER!$C$10:$H$10,MATCH(MIN(I9:N9),I9:N9,0))) | W9: =IF($A9="","",INDEX(PARAMETER!$E$15:$E$23,T9))
A10: K-005 | B10: Gilang Hidayat | C10: SDM | D10: Staf | E10: G6 | F10: 44893 | G10: 4 | H10: 4.1 | I10: 3.2 | J10: 3.9 | K10: 3.9 | L10: 4.3 | M10: 3.7 | N10: 3.3 | O10: =IF($A10="","",ROUND((PARAMETER!$C$5-F10)/365.25,1)) | P10: =IF($A10="","",SUMPRODUCT(I10:N10,PARAMETER!$C$11:$H$11)/SUM(PARAMETER!$C$11:$H$11)) | Q10: =IF($A10="","",SUMPRODUCT((PARAMETER!$C$12:$H$12-I10:N10>0)*(PARAMETER!$C$12:$H$12-I10:N10))/6) | R10: =IF($A10="","",IF(G10>=PARAMETER!$C$6,3,IF(G10>=PARAMETER!$C$7,2,1))) | S10: =IF($A10="","",IF(H10>=PARAMETER!$C$6,3,IF(H10>=PARAMETER!$C$7,2,1))) | T10: =IF($A10="","",(R10-1)*3+S10) | U10: =IF($A10="","",INDEX(PARAMETER!$C$15:$C$23,T10)) | V10: =IF($A10="","",INDEX(PARAMETER!$C$10:$H$10,MATCH(MIN(I10:N10),I10:N10,0))) | W10: =IF($A10="","",INDEX(PARAMETER!$E$15:$E$23,T10))
A11: K-006 | B11: Omar Setiawan | C11: SDM | D11: Senior Staf | E11: G3 | F11: 45229 | G11: 4.4 | H11: 4.2 | I11: 4.4 | J11: 5 | K11: 3.8 | L11: 5 | M11: 3.7 | N11: 4 | O11: =IF($A11="","",ROUND((PARAMETER!$C$5-F11)/365.25,1)) | P11: =IF($A11="","",SUMPRODUCT(I11:N11,PARAMETER!$C$11:$H$11)/SUM(PARAMETER!$C$11:$H$11)) | Q11: =IF($A11="","",SUMPRODUCT((PARAMETER!$C$12:$H$12-I11:N11>0)*(PARAMETER!$C$12:$H$12-I11:N11))/6) | R11: =IF($A11="","",IF(G11>=PARAMETER!$C$6,3,IF(G11>=PARAMETER!$C$7,2,1))) | S11: =IF($A11="","",IF(H11>=PARAMETER!$C$6,3,IF(H11>=PARAMETER!$C$7,2,1))) | T11: =IF($A11="","",(R11-1)*3+S11) | U11: =IF($A11="","",INDEX(PARAMETER!$C$15:$C$23,T11)) | V11: =IF($A11="","",INDEX(PARAMETER!$C$10:$H$10,MATCH(MIN(I11:N11),I11:N11,0))) | W11: =IF($A11="","",INDEX(PARAMETER!$E$15:$E$23,T11))
A12: K-007 | B12: Omar Nugroho | C12: Operasional | D12: Spesialis | E12: G5 | F12: 44679 | G12: 4.9 | H12: 3.9 | I12: 3.9 | J12: 4 | K12: 5 | L12: 4.2 | M12: 4.3 | N12: 4.3 | O12: =IF($A12="","",ROUND((PARAMETER!$C$5-F12)/365.25,1)) | P12: =IF($A12="","",SUMPRODUCT(I12:N12,PARAMETER!$C$11:$H$11)/SUM(PARAMETER!$C$11:$H$11)) | Q12: =IF($A12="","",SUMPRODUCT((PARAMETER!$C$12:$H$12-I12:N12>0)*(PARAMETER!$C$12:$H$12-I12:N12))/6) | R12: =IF($A12="","",IF(G12>=PARAMETER!$C$6,3,IF(G12>=PARAMETER!$C$7,2,1))) | S12: =IF($A12="","",IF(H12>=PARAMETER!$C$6,3,IF(H12>=PARAMETER!$C$7,2,1))) | T12: =IF($A12="","",(R12-1)*3+S12) | U12: =IF($A12="","",INDEX(PARAMETER!$C$15:$C$23,T12)) | V12: =IF($A12="","",INDEX(PARAMETER!$C$10:$H$10,MATCH(MIN(I12:N12),I12:N12,0))) | W12: =IF($A12="","",INDEX(PARAMETER!$E$15:$E$23,T12))
A13: K-008 | B13: Putra Santoso | C13: Pemasaran | D13: Senior Staf | E13: G5 | F13: 44710 | G13: 3.5 | H13: 2.5 | I13: 3.8 | J13: 4.5 | K13: 3.5 | L13: 4.6 | M13: 3.5 | N13: 4.1 | O13: =IF($A13="","",ROUND((PARAMETER!$C$5-F13)/365.25,1)) | P13: =IF($A13="","",SUMPRODUCT(I13:N13,PARAMETER!$C$11:$H$11)/SUM(PARAMETER!$C$11:$H$11)) | Q13: =IF($A13="","",SUMPRODUCT((PARAMETER!$C$12:$H$12-I13:N13>0)*(PARAMETER!$C$12:$H$12-I13:N13))/6) | R13: =IF($A13="","",IF(G13>=PARAMETER!$C$6,3,IF(G13>=PARAMETER!$C$7,2,1))) | S13: =IF($A13="","",IF(H13>=PARAMETER!$C$6,3,IF(H13>=PARAMETER!$C$7,2,1))) | T13: =IF($A13="","",(R13-1)*3+S13) | U13: =IF($A13="","",INDEX(PARAMETER!$C$15:$C$23,T13)) | V13: =IF($A13="","",INDEX(PARAMETER!$C$10:$H$10,MATCH(MIN(I13:N13),I13:N13,0))) | W13: =IF($A13="","",INDEX(PARAMETER!$E$15:$E$23,T13))
A14: K-009 | B14: Hana Kusuma | C14: Operasional | D14: Manajer | E14: G5 | F14: 45097 | G14: 3.4 | H14: 3.5 | I14: 3.2 | J14: 3.2 | K14: 3.4 | L14: 3.1 | M14: 2.9 | N14: 3 | O14: =IF($A14="","",ROUND((PARAMETER!$C$5-F14)/365.25,1)) | P14: =IF($A14="","",SUMPRODUCT(I14:N14,PARAMETER!$C$11:$H$11)/SUM(PARAMETER!$C$11:$H$11)) | Q14: =IF($A14="","",SUMPRODUCT((PARAMETER!$C$12:$H$12-I14:N14>0)*(PARAMETER!$C$12:$H$12-I14:N14))/6) | R14: =IF($A14="","",IF(G14>=PARAMETER!$C$6,3,IF(G14>=PARAMETER!$C$7,2,1))) | S14: =IF($A14="","",IF(H14>=PARAMETER!$C$6,3,IF(H14>=PARAMETER!$C$7,2,1))) | T14: =IF($A14="","",(R14-1)*3+S14) | U14: =IF($A14="","",INDEX(PARAMETER!$C$15:$C$23,T14)) | V14: =IF($A14="","",INDEX(PARAMETER!$C$10:$H$10,MATCH(MIN(I14:N14),I14:N14,0))) | W14: =IF($A14="","",INDEX(PARAMETER!$E$15:$E$23,T14))
A15: K-010 | B15: Salsa Kusuma | C15: Operasional | D15: Spesialis | E15: G3 | F15: 44379 | G15: 3.9 | H15: 3.9 | I15: 3.9 | J15: 3.8 | K15: 4.8 | L15: 4.8 | M15: 3.6 | N15: 4 | O15: =IF($A15="","",ROUND((PARAMETER!$C$5-F15)/365.25,1)) | P15: =IF($A15="","",SUMPRODUCT(I15:N15,PARAMETER!$C$11:$H$11)/SUM(PARAMETER!$C$11:$H$11)) | Q15: =IF($A15="","",SUMPRODUCT((PARAMETER!$C$12:$H$12-I15:N15>0)*(PARAMETER!$C$12:$H$12-I15:N15))/6) | R15: =IF($A15="","",IF(G15>=PARAMETER!$C$6,3,IF(G15>=PARAMETER!$C$7,2,1))) | S15: =IF($A15="","",IF(H15>=PARAMETER!$C$6,3,IF(H15>=PARAMETER!$C$7,2,1))) | T15: =IF($A15="","",(R15-1)*3+S15) | U15: =IF($A15="","",INDEX(PARAMETER!$C$15:$C$23,T15)) | V15: =IF($A15="","",INDEX(PARAMETER!$C$10:$H$10,MATCH(MIN(I15:N15),I15:N15,0))) | W15: =IF($A15="","",INDEX(PARAMETER!$E$15:$E$23,T15))
A16: K-011 | B16: Kevin Santoso | C16: Pemasaran | D16: Staf | E16: G6 | F16: 45170 | G16: 5 | H16: 4.1 | I16: 3.5 | J16: 4.2 | K16: 5 | L16: 4.3 | M16: 3.5 | N16: 3.8 | O16: =IF($A16="","",ROUND((PARAMETER!$C$5-F16)/365.25,1)) | P16: =IF($A16="","",SUMPRODUCT(I16:N16,PARAMETER!$C$11:$H$11)/SUM(PARAMETER!$C$11:$H$11)) | Q16: =IF($A16="","",SUMPRODUCT((PARAMETER!$C$12:$H$12-I16:N16>0)*(PARAMETER!$C$12:$H$12-I16:N16))/6) | R16: =IF($A16="","",IF(G16>=PARAMETER!$C$6,3,IF(G16>=PARAMETER!$C$7,2,1))) | S16: =IF($A16="","",IF(H16>=PARAMETER!$C$6,3,IF(H16>=PARAMETER!$C$7,2,1))) | T16: =IF($A16="","",(R16-1)*3+S16) | U16: =IF($A16="","",INDEX(PARAMETER!$C$15:$C$23,T16)) | V16: =IF($A16="","",INDEX(PARAMETER!$C$10:$H$10,MATCH(MIN(I16:N16),I16:N16,0))) | W16: =IF($A16="","",INDEX(PARAMETER!$E$15:$E$23,T16))
A17: K-012 | B17: Hana Permana | C17: Keuangan | D17: Manajer | E17: G4 | F17: 42949 | G17: 3.9 | H17: 3.1 | I17: 3.7 | J17: 3.4 | K17: 3.5 | L17: 3.5 | M17: 4.2 | N17: 3.4 | O17: =IF($A17="","",ROUND((PARAMETER!$C$5-F17)/365.25,1)) | P17: =IF($A17="","",SUMPRODUCT(I17:N17,PARAMETER!$C$11:$H$11)/SUM(PARAMETER!$C$11:$H$11)) | Q17: =IF($A17="","",SUMPRODUCT((PARAMETER!$C$12:$H$12-I17:N17>0)*(PARAMETER!$C$12:$H$12-I17:N17))/6) | R17: =IF($A17="","",IF(G17>=PARAMETER!$C$6,3,IF(G17>=PARAMETER!$C$7,2,1))) | S17: =IF($A17="","",IF(H17>=PARAMETER!$C$6,3,IF(H17>=PARAMETER!$C$7,2,1))) | T17: =IF($A17="","",(R17-1)*3+S17) | U17: =IF($A17="","",INDEX(PARAMETER!$C$15:$C$23,T17)) | V17: =IF($A17="","",INDEX(PARAMETER!$C$10:$H$10,MATCH(MIN(I17:N17),I17:N17,0))) | W17: =IF($A17="","",INDEX(PARAMETER!$E$15:$E$23,T17))
O18: =IF($A18="","",ROUND((PARAMETER!$C$5-F18)/365.25,1)) | P18: =IF($A18="","",SUMPRODUCT(I18:N18,PARAMETER!$C$11:$H$11)/SUM(PARAMETER!$C$11:$H$11)) | Q18: =IF($A18="","",SUMPRODUCT((PARAMETER!$C$12:$H$12-I18:N18>0)*(PARAMETER!$C$12:$H$12-I18:N18))/6) | R18: =IF($A18="","",IF(G18>=PARAMETER!$C$6,3,IF(G18>=PARAMETER!$C$7,2,1))) | S18: =IF($A18="","",IF(H18>=PARAMETER!$C$6,3,IF(H18>=PARAMETER!$C$7,2,1))) | T18: =IF($A18="","",(R18-1)*3+S18) | U18: =IF($A18="","",INDEX(PARAMETER!$C$15:$C$23,T18)) | V18: =IF($A18="","",INDEX(PARAMETER!$C$10:$H$10,MATCH(MIN(I18:N18),I18:N18,0))) | W18: =IF($A18="","",INDEX(PARAMETER!$E$15:$E$23,T18))
O19: =IF($A19="","",ROUND((PARAMETER!$C$5-F19)/365.25,1)) | P19: =IF($A19="","",SUMPRODUCT(I19:N19,PARAMETER!$C$11:$H$11)/SUM(PARAMETER!$C$11:$H$11)) | Q19: =IF($A19="","",SUMPRODUCT((PARAMETER!$C$12:$H$12-I19:N19>0)*(PARAMETER!$C$12:$H$12-I19:N19))/6) | R19: =IF($A19="","",IF(G19>=PARAMETER!$C$6,3,IF(G19>=PARAMETER!$C$7,2,1))) | S19: =IF($A19="","",IF(H19>=PARAMETER!$C$6,3,IF(H19>=PARAMETER!$C$7,2,1))) | T19: =IF($A19="","",(R19-1)*3+S19) | U19: =IF($A19="","",INDEX(PARAMETER!$C$15:$C$23,T19)) | V19: =IF($A19="","",INDEX(PARAMETER!$C$10:$H$10,MATCH(MIN(I19:N19),I19:N19,0))) | W19: =IF($A19="","",INDEX(PARAMETER!$E$15:$E$23,T19))
O20: =IF($A20="","",ROUND((PARAMETER!$C$5-F20)/365.25,1)) | P20: =IF($A20="","",SUMPRODUCT(I20:N20,PARAMETER!$C$11:$H$11)/SUM(PARAMETER!$C$11:$H$11)) | Q20: =IF($A20="","",SUMPRODUCT((PARAMETER!$C$12:$H$12-I20:N20>0)*(PARAMETER!$C$12:$H$12-I20:N20))/6) | R20: =IF($A20="","",IF(G20>=PARAMETER!$C$6,3,IF(G20>=PARAMETER!$C$7,2,1))) | S20: =IF($A20="","",IF(H20>=PARAMETER!$C$6,3,IF(H20>=PARAMETER!$C$7,2,1))) | T20: =IF($A20="","",(R20-1)*3+S20) | U20: =IF($A20="","",INDEX(PARAMETER!$C$15:$C$23,T20)) | V20: =IF($A20="","",INDEX(PARAMETER!$C$10:$H$10,MATCH(MIN(I20:N20),I20:N20,0))) | W20: =IF($A20="","",INDEX(PARAMETER!$E$15:$E$23,T20))
O21: =IF($A21="","",ROUND((PARAMETER!$C$5-F21)/365.25,1)) | P21: =IF($A21="","",SUMPRODUCT(I21:N21,PARAMETER!$C$11:$H$11)/SUM(PARAMETER!$C$11:$H$11)) | Q21: =IF($A21="","",SUMPRODUCT((PARAMETER!$C$12:$H$12-I21:N21>0)*(PARAMETER!$C$12:$H$12-I21:N21))/6) | R21: =IF($A21="","",IF(G21>=PARAMETER!$C$6,3,IF(G21>=PARAMETER!$C$7,2,1))) | S21: =IF($A21="","",IF(H21>=PARAMETER!$C$6,3,IF(H21>=PARAMETER!$C$7,2,1))) | T21: =IF($A21="","",(R21-1)*3+S21) | U21: =IF($A21="","",INDEX(PARAMETER!$C$15:$C$23,T21)) | V21: =IF($A21="","",INDEX(PARAMETER!$C$10:$H$10,MATCH(MIN(I21:N21),I21:N21,0))) | W21: =IF($A21="","",INDEX(PARAMETER!$E$15:$E$23,T21))
O22: =IF($A22="","",ROUND((PARAMETER!$C$5-F22)/365.25,1)) | P22: =IF($A22="","",SUMPRODUCT(I22:N22,PARAMETER!$C$11:$H$11)/SUM(PARAMETER!$C$11:$H$11)) | Q22: =IF($A22="","",SUMPRODUCT((PARAMETER!$C$12:$H$12-I22:N22>0)*(PARAMETER!$C$12:$H$12-I22:N22))/6) | R22: =IF($A22="","",IF(G22>=PARAMETER!$C$6,3,IF(G22>=PARAMETER!$C$7,2,1))) | S22: =IF($A22="","",IF(H22>=PARAMETER!$C$6,3,IF(H22>=PARAMETER!$C$7,2,1))) | T22: =IF($A22="","",(R22-1)*3+S22) | U22: =IF($A22="","",INDEX(PARAMETER!$C$15:$C$23,T22)) | V22: =IF($A22="","",INDEX(PARAMETER!$C$10:$H$10,MATCH(MIN(I22:N22),I22:N22,0))) | W22: =IF($A22="","",INDEX(PARAMETER!$E$15:$E$23,T22))
O23: =IF($A23="","",ROUND((PARAMETER!$C$5-F23)/365.25,1)) | P23: =IF($A23="","",SUMPRODUCT(I23:N23,PARAMETER!$C$11:$H$11)/SUM(PARAMETER!$C$11:$H$11)) | Q23: =IF($A23="","",SUMPRODUCT((PARAMETER!$C$12:$H$12-I23:N23>0)*(PARAMETER!$C$12:$H$12-I23:N23))/6) | R23: =IF($A23="","",IF(G23>=PARAMETER!$C$6,3,IF(G23>=PARAMETER!$C$7,2,1))) | S23: =IF($A23="","",IF(H23>=PARAMETER!$C$6,3,IF(H23>=PARAMETER!$C$7,2,1))) | T23: =IF($A23="","",(R23-1)*3+S23) | U23: =IF($A23="","",INDEX(PARAMETER!$C$15:$C$23,T23)) | V23: =IF($A23="","",INDEX(PARAMETER!$C$10:$H$10,MATCH(MIN(I23:N23),I23:N23,0))) | W23: =IF($A23="","",INDEX(PARAMETER!$E$15:$E$23,T23))
O24: =IF($A24="","",ROUND((PARAMETER!$C$5-F24)/365.25,1)) | P24: =IF($A24="","",SUMPRODUCT(I24:N24,PARAMETER!$C$11:$H$11)/SUM(PARAMETER!$C$11:$H$11)) | Q24: =IF($A24="","",SUMPRODUCT((PARAMETER!$C$12:$H$12-I24:N24>0)*(PARAMETER!$C$12:$H$12-I24:N24))/6) | R24: =IF($A24="","",IF(G24>=PARAMETER!$C$6,3,IF(G24>=PARAMETER!$C$7,2,1))) | S24: =IF($A24="","",IF(H24>=PARAMETER!$C$6,3,IF(H24>=PARAMETER!$C$7,2,1))) | T24: =IF($A24="","",(R24-1)*3+S24) | U24: =IF($A24="","",INDEX(PARAMETER!$C$15:$C$23,T24)) | V24: =IF($A24="","",INDEX(PARAMETER!$C$10:$H$10,MATCH(MIN(I24:N24),I24:N24,0))) | W24: =IF($A24="","",INDEX(PARAMETER!$E$15:$E$23,T24))
O25: =IF($A25="","",ROUND((PARAMETER!$C$5-F25)/365.25,1)) | P25: =IF($A25="","",SUMPRODUCT(I25:N25,PARAMETER!$C$11:$H$11)/SUM(PARAMETER!$C$11:$H$11)) | Q25: =IF($A25="","",SUMPRODUCT((PARAMETER!$C$12:$H$12-I25:N25>0)*(PARAMETER!$C$12:$H$12-I25:N25))/6) | R25: =IF($A25="","",IF(G25>=PARAMETER!$C$6,3,IF(G25>=PARAMETER!$C$7,2,1))) | S25: =IF($A25="","",IF(H25>=PARAMETER!$C$6,3,IF(H25>=PARAMETER!$C$7,2,1))) | T25: =IF($A25="","",(R25-1)*3+S25) | U25: =IF($A25="","",INDEX(PARAMETER!$C$15:$C$23,T25)) | V25: =IF($A25="","",INDEX(PARAMETER!$C$10:$H$10,MATCH(MIN(I25:N25),I25:N25,0))) | W25: =IF($A25="","",INDEX(PARAMETER!$E$15:$E$23,T25))

Sheet RINGKASAN
A1: Ringkasan Talent Review
A2: ="Per tanggal "&TEXT(PARAMETER!C5,"dd-mmm-yyyy")
A3: VERSI DEMO: kapasitas & fitur dibatasi, data simulasi. Versi lengkap: WhatsApp 089623291732
A5: Kotak | B5: Nama kotak | C5: Jumlah | D5: % Karyawan | E5: Tindakan
A6: 1 | B6: =PARAMETER!C15 | C6: =COUNTIFS(KARYAWAN!$T$6:$T$25,A6) | D6: =IF($C$15=0,0,C6/$C$15) | E6: =PARAMETER!E15
A7: 2 | B7: =PARAMETER!C16 | C7: =COUNTIFS(KARYAWAN!$T$6:$T$25,A7) | D7: =IF($C$15=0,0,C7/$C$15) | E7: =PARAMETER!E16
A8: 3 | B8: =PARAMETER!C17 | C8: =COUNTIFS(KARYAWAN!$T$6:$T$25,A8) | D8: =IF($C$15=0,0,C8/$C$15) | E8: =PARAMETER!E17
A9: 4 | B9: =PARAMETER!C18 | C9: =COUNTIFS(KARYAWAN!$T$6:$T$25,A9) | D9: =IF($C$15=0,0,C9/$C$15) | E9: =PARAMETER!E18
A10: 5 | B10: =PARAMETER!C19 | C10: =COUNTIFS(KARYAWAN!$T$6:$T$25,A10) | D10: =IF($C$15=0,0,C10/$C$15) | E10: =PARAMETER!E19
A11: 6 | B11: =PARAMETER!C20 | C11: =COUNTIFS(KARYAWAN!$T$6:$T$25,A11) | D11: =IF($C$15=0,0,C11/$C$15) | E11: =PARAMETER!E20
A12: 7 | B12: =PARAMETER!C21 | C12: =COUNTIFS(KARYAWAN!$T$6:$T$25,A12) | D12: =IF($C$15=0,0,C12/$C$15) | E12: =PARAMETER!E21
A13: 8 | B13: =PARAMETER!C22 | C13: =COUNTIFS(KARYAWAN!$T$6:$T$25,A13) | D13: =IF($C$15=0,0,C13/$C$15) | E13: =PARAMETER!E22
A14: 9 | B14: =PARAMETER!C23 | C14: =COUNTIFS(KARYAWAN!$T$6:$T$25,A14) | D14: =IF($C$15=0,0,C14/$C$15) | E14: =PARAMETER!E23
B15: TOTAL | C15: =SUM(C6:C14) | D15: =SUM(D6:D14)
A17: INDIKATOR UTAMA
A18: Jumlah karyawan | D18: =C15
A19: Rata-rata kinerja | D19: =IFERROR(AVERAGE(KARYAWAN!$G$6:$G$25),0)
A20: Rata-rata potensi | D20: =IFERROR(AVERAGE(KARYAWAN!$H$6:$H$25),0)
A21: Rata-rata skor kompetensi | D21: =IFERROR(AVERAGE(KARYAWAN!$P$6:$P$25),0)
A22: Potensi tinggi (% karyawan) | D22: =IF(C15=0,0,COUNTIFS(KARYAWAN!$S$6:$S$25,3)/C15)
A23: Talenta kunci: Bintang + Calon Bintang + Kinerja Tinggi | D23: =C14+C11+C13
A24: Perlu perhatian: Risiko + Perlu Perbaikan | D24: =C6+C7

Sheet FULL-MATRIKS_9BOX
B2: Fitur Versi Lengkap
B3: MATRIKS 9BOX
B5: Matriks 3×3 kinerja × potensi dengan jumlah dan persentase karyawan per kotak.
B7: • Sheet ini hanya tersedia di versi lengkap, lengkap dengan rumus dan grafik yang bekerja dari data Anda.
B8: • Kapasitas data versi lengkap jauh lebih besar dibanding demo.
B9: • Pesan versi lengkap lewat WhatsApp 089623291732.

Sheet FULL-KOMPETENSI
B2: Fitur Versi Lengkap
B3: KOMPETENSI
B5: Rata-rata kompetensi per departemen, gap terhadap target, dan peta panas.
B7: • Sheet ini hanya tersedia di versi lengkap, lengkap dengan rumus dan grafik yang bekerja dari data Anda.
B8: • Kapasitas data versi lengkap jauh lebih besar dibanding demo.
B9: • Pesan versi lengkap lewat WhatsApp 089623291732.

Sheet FULL-SUKSESI
B2: Fitur Versi Lengkap
B3: SUKSESI
B5: 10 talenta teratas (potensi dan kinerja tertinggi) untuk daftar suksesi.
B7: • Sheet ini hanya tersedia di versi lengkap, lengkap dengan rumus dan grafik yang bekerja dari data Anda.
B8: • Kapasitas data versi lengkap jauh lebih besar dibanding demo.
B9: • Pesan versi lengkap lewat WhatsApp 089623291732.

Sheet FULL-DASHBOARD
B2: Fitur Versi Lengkap
B3: DASHBOARD
B5: Grafik sebaran kotak dan kompetensi terhadap target.
B7: • Sheet ini hanya tersedia di versi lengkap, lengkap dengan rumus dan grafik yang bekerja dari data Anda.
B8: • Kapasitas data versi lengkap jauh lebih besar dibanding demo.
B9: • Pesan versi lengkap lewat WhatsApp 089623291732.
