Workbook

Sheet PETUNJUK
B1: Mantam Product
B2: Social Media Performance Tracker
B3: Catat performa tiap postingan dan baca engagement rate per platform, format, pilar, dan waktu posting untuk keputusan konten berbasis data.
B5: Lisensi | C5: VERSI DEMO. Kapasitas dan fitur dibatasi. Pesan versi lengkap: WhatsApp 089623291732
B7: Cara memakai
B8: Langkah 1 | C8: Isi pengikut dan target di PARAMETER (sel kuning).
B9: Langkah 2 | C9: Catat setiap postingan di POSTINGAN: tanggal, platform, format, pilar, slot waktu, biaya iklan, dan metrik.
B10: Langkah 3 | C10: Interaksi, ER (jangkauan dan pengikut), hari, dan bulan terisi otomatis.
B11: Langkah 4 | C11: Baca RINGKASAN.
B13: Isi berkas
B14: PARAMETER | C14: Tanggal laporan, target engagement rate, dan jumlah pengikut per platform.
B15: POSTINGAN | C15: Log postingan (kapasitas 80): metrik tiap posting; interaksi, ER, hari, dan bulan terisi otomatis.
B16: RINGKASAN | C16: Performa per platform, per format, dan per pilar konten dibanding target.
B18: Legenda warna
B19: Teks biru | C19: Sel input: boleh Anda ubah (tidak terkunci).
B20: Sel kuning | C20: Parameter kunci: periksa terlebih dulu.
B21: Teks hitam | C21: Rumus otomatis (terkunci; Review > Unprotect Sheet tanpa kata sandi bila perlu).
B23: Catatan
C24: • Seluruh data adalah simulasi buatan, bukan data perusahaan nyata.
C25: • Hasil perhitungan adalah alat bantu; verifikasi dengan akuntan/konsultan sebelum dipakai untuk keputusan atau pelaporan resmi.
C26: • ER (jangkauan) = (like + komentar + share + simpan) ÷ jangkauan. ER (pengikut) = interaksi ÷ jumlah pengikut platform.
C27: • Salin metrik dari analitik resmi tiap platform; berkas ini tidak terhubung langsung ke platform mana pun.

Sheet PARAMETER
A1: Parameter
A2: Isi sel kuning.
A3: VERSI DEMO: kapasitas & fitur dibatasi, data simulasi. Versi lengkap: WhatsApp 089623291732
B5: Tanggal laporan | C5: 46326
B6: Target ER (jangkauan) | C6: 0.045
B9: Platform | C9: Pengikut
B10: Instagram | C10: 18500
B11: TikTok | C11: 32400
B16: Format
B17: Reels
B18: Carousel
B19: Foto
B20: Video
B21: Story
B22: Teks
B24: Pilar konten
B25: Edukasi
B26: Hiburan
B27: Promosi
B28: Bukti Sosial
... B35: Malam

Sheet POSTINGAN
A1: Log Postingan
A2: Kapasitas 80 baris
A3: VERSI DEMO: kapasitas & fitur dibatasi, data simulasi. Versi lengkap: WhatsApp 089623291732
A5: ID | B5: Tanggal | C5: Platform | D5: Format | E5: Pilar | F5: Slot | G5: Judul / Topik | H5: Biaya Iklan (Rp) | I5: Jangkauan | J5: Impresi | K5: Like | L5: Komentar | M5: Share | N5: Simpan | O5: Klik | P5: Interaksi | Q5: ER Jangkauan | R5: ER Pengikut | S5: Hari | T5: Bulan | U5: Biaya per Interaksi (Rp)
A6: P-0001 | B6: 46266 | C6: Instagram | D6: Foto | E6: Edukasi | F6: Sore | G6: Promo akhir bulan #46 | H6: 1000000 | I6: 6523 | J6: 9441 | K6: 162 | L6: 14 | M6: 12 | N6: 20 | O6: 91 | P6: =IF(OR($B6="",$C6=""),"",SUM(K6:N6)) | Q6: =IF(OR(OR($B6="",$C6=""),I6=0),"",P6/I6) | R6: =IF(OR($B6="",$C6=""),"",IFERROR(P6/INDEX(PARAMETER!$C$10:$C$14,MATCH(C6,PARAMETER!$B$10:$B$14,0)),"")) | S6: =IF($B6="","",CHOOSE(WEEKDAY(B6,2),"Sen","Sel","Rab","Kam","Jum","Sab","Min")) | T6: =IF($B6="","",DATE(YEAR(B6),MONTH(B6),1)) | U6: =IF(OR(OR($B6="",$C6=""),H6=0,P6=0),"",H6/P6)
A7: P-0002 | B7: 46268 | C7: Instagram | D7: Foto | E7: Bukti Sosial | F7: Sore | G7: Studi kasus pelanggan #38 | H7: 300000 | I7: 14915 | J7: 19028 | K7: 623 | L7: 55 | M7: 47 | N7: 74 | O7: 135 | P7: =IF(OR($B7="",$C7=""),"",SUM(K7:N7)) | Q7: =IF(OR(OR($B7="",$C7=""),I7=0),"",P7/I7) | R7: =IF(OR($B7="",$C7=""),"",IFERROR(P7/INDEX(PARAMETER!$C$10:$C$14,MATCH(C7,PARAMETER!$B$10:$B$14,0)),"")) | S7: =IF($B7="","",CHOOSE(WEEKDAY(B7,2),"Sen","Sel","Rab","Kam","Jum","Sab","Min")) | T7: =IF($B7="","",DATE(YEAR(B7),MONTH(B7),1)) | U7: =IF(OR(OR($B7="",$C7=""),H7=0,P7=0),"",H7/P7)
A8: P-0003 | B8: 46268 | C8: TikTok | D8: Foto | E8: Di Balik Layar | F8: Pagi | G8: Tips hemat #44 | H8: 0 | I8: 29030 | J8: 36923 | K8: 1113 | L8: 99 | M8: 85 | N8: 130 | O8: 164 | P8: =IF(OR($B8="",$C8=""),"",SUM(K8:N8)) | Q8: =IF(OR(OR($B8="",$C8=""),I8=0),"",P8/I8) | R8: =IF(OR($B8="",$C8=""),"",IFERROR(P8/INDEX(PARAMETER!$C$10:$C$14,MATCH(C8,PARAMETER!$B$10:$B$14,0)),"")) | S8: =IF($B8="","",CHOOSE(WEEKDAY(B8,2),"Sen","Sel","Rab","Kam","Jum","Sab","Min")) | T8: =IF($B8="","",DATE(YEAR(B8),MONTH(B8),1)) | U8: =IF(OR(OR($B8="",$C8=""),H8=0,P8=0),"",H8/P8)
A9: P-0004 | B9: 46270 | C9: Instagram | D9: Carousel | E9: Edukasi | F9: Siang | G9: Kuis interaktif #19 | H9: 1000000 | I9: 11046 | J9: 15166 | K9: 425 | L9: 38 | M9: 32 | N9: 51 | O9: 212 | P9: =IF(OR($B9="",$C9=""),"",SUM(K9:N9)) | Q9: =IF(OR(OR($B9="",$C9=""),I9=0),"",P9/I9) | R9: =IF(OR($B9="",$C9=""),"",IFERROR(P9/INDEX(PARAMETER!$C$10:$C$14,MATCH(C9,PARAMETER!$B$10:$B$14,0)),"")) | S9: =IF($B9="","",CHOOSE(WEEKDAY(B9,2),"Sen","Sel","Rab","Kam","Jum","Sab","Min")) | T9: =IF($B9="","",DATE(YEAR(B9),MONTH(B9),1)) | U9: =IF(OR(OR($B9="",$C9=""),H9=0,P9=0),"",H9/P9)
A10: P-0005 | B10: 46271 | C10: Instagram | D10: Carousel | E10: Bukti Sosial | F10: Siang | G10: Panduan singkat #21 | H10: 0 | I10: 12774 | J10: 14742 | K10: 498 | L10: 44 | M10: 38 | N10: 59 | O10: 140 | P10: =IF(OR($B10="",$C10=""),"",SUM(K10:N10)) | Q10: =IF(OR(OR($B10="",$C10=""),I10=0),"",P10/I10) | R10: =IF(OR($B10="",$C10=""),"",IFERROR(P10/INDEX(PARAMETER!$C$10:$C$14,MATCH(C10,PARAMETER!$B$10:$B$14,0)),"")) | S10: =IF($B10="","",CHOOSE(WEEKDAY(B10,2),"Sen","Sel","Rab","Kam","Jum","Sab","Min")) | T10: =IF($B10="","",DATE(YEAR(B10),MONTH(B10),1)) | U10: =IF(OR(OR($B10="",$C10=""),H10=0,P10=0),"",H10/P10)
A11: P-0006 | B11: 46271 | C11: TikTok | D11: Story | E11: Promosi | F11: Malam | G11: Kuis interaktif #24 | H11: 0 | I11: 8301 | J11: 9836 | K11: 296 | L11: 26 | M11: 22 | N11: 36 | O11: 156 | P11: =IF(OR($B11="",$C11=""),"",SUM(K11:N11)) | Q11: =IF(OR(OR($B11="",$C11=""),I11=0),"",P11/I11) | R11: =IF(OR($B11="",$C11=""),"",IFERROR(P11/INDEX(PARAMETER!$C$10:$C$14,MATCH(C11,PARAMETER!$B$10:$B$14,0)),"")) | S11: =IF($B11="","",CHOOSE(WEEKDAY(B11,2),"Sen","Sel","Rab","Kam","Jum","Sab","Min")) | T11: =IF($B11="","",DATE(YEAR(B11),MONTH(B11),1)) | U11: =IF(OR(OR($B11="",$C11=""),H11=0,P11=0),"",H11/P11)
A12: P-0007 | B12: 46272 | C12: Instagram | D12: Teks | E12: Bukti Sosial | F12: Siang | G12: Panduan singkat #13 | H12: 1000000 | I12: 5353 | J12: 7525 | K12: 173 | L12: 15 | M12: 13 | N12: 21 | O12: 36 | P12: =IF(OR($B12="",$C12=""),"",SUM(K12:N12)) | Q12: =IF(OR(OR($B12="",$C12=""),I12=0),"",P12/I12) | R12: =IF(OR($B12="",$C12=""),"",IFERROR(P12/INDEX(PARAMETER!$C$10:$C$14,MATCH(C12,PARAMETER!$B$10:$B$14,0)),"")) | S12: =IF($B12="","",CHOOSE(WEEKDAY(B12,2),"Sen","Sel","Rab","Kam","Jum","Sab","Min")) | T12: =IF($B12="","",DATE(YEAR(B12),MONTH(B12),1)) | U12: =IF(OR(OR($B12="",$C12=""),H12=0,P12=0),"",H12/P12)
A13: P-0008 | B13: 46272 | C13: Instagram | D13: Foto | E13: Bukti Sosial | F13: Siang | G13: Testimoni #34 | H13: 150000 | I13: 13396 | J13: 16113 | K13: 179 | L13: 16 | M13: 13 | N13: 22 | O13: 147 | P13: =IF(OR($B13="",$C13=""),"",SUM(K13:N13)) | Q13: =IF(OR(OR($B13="",$C13=""),I13=0),"",P13/I13) | R13: =IF(OR($B13="",$C13=""),"",IFERROR(P13/INDEX(PARAMETER!$C$10:$C$14,MATCH(C13,PARAMETER!$B$10:$B$14,0)),"")) | S13: =IF($B13="","",CHOOSE(WEEKDAY(B13,2),"Sen","Sel","Rab","Kam","Jum","Sab","Min")) | T13: =IF($B13="","",DATE(YEAR(B13),MONTH(B13),1)) | U13: =IF(OR(OR($B13="",$C13=""),H13=0,P13=0),"",H13/P13)
A14: P-0009 | B14: 46273 | C14: Instagram | D14: Reels | E14: Edukasi | F14: Siang | G14: Tanya jawab #10 | H14: 0 | I14: 9186 | J14: 11897 | K14: 218 | L14: 19 | M14: 16 | N14: 27 | O14: 105 | P14: =IF(OR($B14="",$C14=""),"",SUM(K14:N14)) | Q14: =IF(OR(OR($B14="",$C14=""),I14=0),"",P14/I14) | R14: =IF(OR($B14="",$C14=""),"",IFERROR(P14/INDEX(PARAMETER!$C$10:$C$14,MATCH(C14,PARAMETER!$B$10:$B$14,0)),"")) | S14: =IF($B14="","",CHOOSE(WEEKDAY(B14,2),"Sen","Sel","Rab","Kam","Jum","Sab","Min")) | T14: =IF($B14="","",DATE(YEAR(B14),MONTH(B14),1)) | U14: =IF(OR(OR($B14="",$C14=""),H14=0,P14=0),"",H14/P14)
A15: P-0010 | B15: 46278 | C15: Instagram | D15: Video | E15: Bukti Sosial | F15: Siang | G15: Tips hemat #29 | H15: 300000 | I15: 11748 | J15: 15884 | K15: 330 | L15: 29 | M15: 25 | N15: 40 | O15: 209 | P15: =IF(OR($B15="",$C15=""),"",SUM(K15:N15)) | Q15: =IF(OR(OR($B15="",$C15=""),I15=0),"",P15/I15) | R15: =IF(OR($B15="",$C15=""),"",IFERROR(P15/INDEX(PARAMETER!$C$10:$C$14,MATCH(C15,PARAMETER!$B$10:$B$14,0)),"")) | S15: =IF($B15="","",CHOOSE(WEEKDAY(B15,2),"Sen","Sel","Rab","Kam","Jum","Sab","Min")) | T15: =IF($B15="","",DATE(YEAR(B15),MONTH(B15),1)) | U15: =IF(OR(OR($B15="",$C15=""),H15=0,P15=0),"",H15/P15)
A16: P-0011 | B16: 46279 | C16: TikTok | D16: Reels | E16: Promosi | F16: Pagi | G16: Tur kantor #7 | H16: 300000 | I16: 58188 | J16: 82548 | K16: 2613 | L16: 234 | M16: 201 | N16: 303 | O16: 254 | P16: =IF(OR($B16="",$C16=""),"",SUM(K16:N16)) | Q16: =IF(OR(OR($B16="",$C16=""),I16=0),"",P16/I16) | R16: =IF(OR($B16="",$C16=""),"",IFERROR(P16/INDEX(PARAMETER!$C$10:$C$14,MATCH(C16,PARAMETER!$B$10:$B$14,0)),"")) | S16: =IF($B16="","",CHOOSE(WEEKDAY(B16,2),"Sen","Sel","Rab","Kam","Jum","Sab","Min")) | T16: =IF($B16="","",DATE(YEAR(B16),MONTH(B16),1)) | U16: =IF(OR(OR($B16="",$C16=""),H16=0,P16=0),"",H16/P16)
A17: P-0012 | B17: 46280 | C17: Instagram | D17: Foto | E17: Bukti Sosial | F17: Pagi | G17: Tanya jawab #17 | H17: 0 | I17: 7330 | J17: 10863 | K17: 351 | L17: 31 | M17: 27 | N17: 42 | O17: 127 | P17: =IF(OR($B17="",$C17=""),"",SUM(K17:N17)) | Q17: =IF(OR(OR($B17="",$C17=""),I17=0),"",P17/I17) | R17: =IF(OR($B17="",$C17=""),"",IFERROR(P17/INDEX(PARAMETER!$C$10:$C$14,MATCH(C17,PARAMETER!$B$10:$B$14,0)),"")) | S17: =IF($B17="","",CHOOSE(WEEKDAY(B17,2),"Sen","Sel","Rab","Kam","Jum","Sab","Min")) | T17: =IF($B17="","",DATE(YEAR(B17),MONTH(B17),1)) | U17: =IF(OR(OR($B17="",$C17=""),H17=0,P17=0),"",H17/P17)
... A55: P-0050 | B55: 46324 | C55: Instagram | D55: Video | E55: Hiburan | F55: Siang | G55: Tips hemat #28 | H55: 0 | I55: 19036 | J55: 26913 | K55: 917 | L55: 82 | M55: 70 | N55: 107 | O55: 141 | P55: =IF(OR($B55="",$C55=""),"",SUM(K55:N55)) | Q55: =IF(OR(OR($B55="",$C55=""),I55=0),"",P55/I55) | R55: =IF(OR($B55="",$C55=""),"",IFERROR(P55/INDEX(PARAMETER!$C$10:$C$14,MATCH(C55,PARAMETER!$B$10:$B$14,0)),"")) | S55: =IF($B55="","",CHOOSE(WEEKDAY(B55,2),"Sen","Sel","Rab","Kam","Jum","Sab","Min")) | T55: =IF($B55="","",DATE(YEAR(B55),MONTH(B55),1)) | U55: =IF(OR(OR($B55="",$C55=""),H55=0,P55=0),"",H55/P55)
P56: =IF(OR($B56="",$C56=""),"",SUM(K56:N56)) | Q56: =IF(OR(OR($B56="",$C56=""),I56=0),"",P56/I56) | R56: =IF(OR($B56="",$C56=""),"",IFERROR(P56/INDEX(PARAMETER!$C$10:$C$14,MATCH(C56,PARAMETER!$B$10:$B$14,0)),"")) | S56: =IF($B56="","",CHOOSE(WEEKDAY(B56,2),"Sen","Sel","Rab","Kam","Jum","Sab","Min")) | T56: =IF($B56="","",DATE(YEAR(B56),MONTH(B56),1)) | U56: =IF(OR(OR($B56="",$C56=""),H56=0,P56=0),"",H56/P56)
P57: =IF(OR($B57="",$C57=""),"",SUM(K57:N57)) | Q57: =IF(OR(OR($B57="",$C57=""),I57=0),"",P57/I57) | R57: =IF(OR($B57="",$C57=""),"",IFERROR(P57/INDEX(PARAMETER!$C$10:$C$14,MATCH(C57,PARAMETER!$B$10:$B$14,0)),"")) | S57: =IF($B57="","",CHOOSE(WEEKDAY(B57,2),"Sen","Sel","Rab","Kam","Jum","Sab","Min")) | T57: =IF($B57="","",DATE(YEAR(B57),MONTH(B57),1)) | U57: =IF(OR(OR($B57="",$C57=""),H57=0,P57=0),"",H57/P57)
P58: =IF(OR($B58="",$C58=""),"",SUM(K58:N58)) | Q58: =IF(OR(OR($B58="",$C58=""),I58=0),"",P58/I58) | R58: =IF(OR($B58="",$C58=""),"",IFERROR(P58/INDEX(PARAMETER!$C$10:$C$14,MATCH(C58,PARAMETER!$B$10:$B$14,0)),"")) | S58: =IF($B58="","",CHOOSE(WEEKDAY(B58,2),"Sen","Sel","Rab","Kam","Jum","Sab","Min")) | T58: =IF($B58="","",DATE(YEAR(B58),MONTH(B58),1)) | U58: =IF(OR(OR($B58="",$C58=""),H58=0,P58=0),"",H58/P58)
P59: =IF(OR($B59="",$C59=""),"",SUM(K59:N59)) | Q59: =IF(OR(OR($B59="",$C59=""),I59=0),"",P59/I59) | R59: =IF(OR($B59="",$C59=""),"",IFERROR(P59/INDEX(PARAMETER!$C$10:$C$14,MATCH(C59,PARAMETER!$B$10:$B$14,0)),"")) | S59: =IF($B59="","",CHOOSE(WEEKDAY(B59,2),"Sen","Sel","Rab","Kam","Jum","Sab","Min")) | T59: =IF($B59="","",DATE(YEAR(B59),MONTH(B59),1)) | U59: =IF(OR(OR($B59="",$C59=""),H59=0,P59=0),"",H59/P59)
P60: =IF(OR($B60="",$C60=""),"",SUM(K60:N60)) | Q60: =IF(OR(OR($B60="",$C60=""),I60=0),"",P60/I60) | R60: =IF(OR($B60="",$C60=""),"",IFERROR(P60/INDEX(PARAMETER!$C$10:$C$14,MATCH(C60,PARAMETER!$B$10:$B$14,0)),"")) | S60: =IF($B60="","",CHOOSE(WEEKDAY(B60,2),"Sen","Sel","Rab","Kam","Jum","Sab","Min")) | T60: =IF($B60="","",DATE(YEAR(B60),MONTH(B60),1)) | U60: =IF(OR(OR($B60="",$C60=""),H60=0,P60=0),"",H60/P60)
P61: =IF(OR($B61="",$C61=""),"",SUM(K61:N61)) | Q61: =IF(OR(OR($B61="",$C61=""),I61=0),"",P61/I61) | R61: =IF(OR($B61="",$C61=""),"",IFERROR(P61/INDEX(PARAMETER!$C$10:$C$14,MATCH(C61,PARAMETER!$B$10:$B$14,0)),"")) | S61: =IF($B61="","",CHOOSE(WEEKDAY(B61,2),"Sen","Sel","Rab","Kam","Jum","Sab","Min")) | T61: =IF($B61="","",DATE(YEAR(B61),MONTH(B61),1)) | U61: =IF(OR(OR($B61="",$C61=""),H61=0,P61=0),"",H61/P61)
P62: =IF(OR($B62="",$C62=""),"",SUM(K62:N62)) | Q62: =IF(OR(OR($B62="",$C62=""),I62=0),"",P62/I62) | R62: =IF(OR($B62="",$C62=""),"",IFERROR(P62/INDEX(PARAMETER!$C$10:$C$14,MATCH(C62,PARAMETER!$B$10:$B$14,0)),"")) | S62: =IF($B62="","",CHOOSE(WEEKDAY(B62,2),"Sen","Sel","Rab","Kam","Jum","Sab","Min")) | T62: =IF($B62="","",DATE(YEAR(B62),MONTH(B62),1)) | U62: =IF(OR(OR($B62="",$C62=""),H62=0,P62=0),"",H62/P62)
P63: =IF(OR($B63="",$C63=""),"",SUM(K63:N63)) | Q63: =IF(OR(OR($B63="",$C63=""),I63=0),"",P63/I63) | R63: =IF(OR($B63="",$C63=""),"",IFERROR(P63/INDEX(PARAMETER!$C$10:$C$14,MATCH(C63,PARAMETER!$B$10:$B$14,0)),"")) | S63: =IF($B63="","",CHOOSE(WEEKDAY(B63,2),"Sen","Sel","Rab","Kam","Jum","Sab","Min")) | T63: =IF($B63="","",DATE(YEAR(B63),MONTH(B63),1)) | U63: =IF(OR(OR($B63="",$C63=""),H63=0,P63=0),"",H63/P63)
P64: =IF(OR($B64="",$C64=""),"",SUM(K64:N64)) | Q64: =IF(OR(OR($B64="",$C64=""),I64=0),"",P64/I64) | R64: =IF(OR($B64="",$C64=""),"",IFERROR(P64/INDEX(PARAMETER!$C$10:$C$14,MATCH(C64,PARAMETER!$B$10:$B$14,0)),"")) | S64: =IF($B64="","",CHOOSE(WEEKDAY(B64,2),"Sen","Sel","Rab","Kam","Jum","Sab","Min")) | T64: =IF($B64="","",DATE(YEAR(B64),MONTH(B64),1)) | U64: =IF(OR(OR($B64="",$C64=""),H64=0,P64=0),"",H64/P64)
P65: =IF(OR($B65="",$C65=""),"",SUM(K65:N65)) | Q65: =IF(OR(OR($B65="",$C65=""),I65=0),"",P65/I65) | R65: =IF(OR($B65="",$C65=""),"",IFERROR(P65/INDEX(PARAMETER!$C$10:$C$14,MATCH(C65,PARAMETER!$B$10:$B$14,0)),"")) | S65: =IF($B65="","",CHOOSE(WEEKDAY(B65,2),"Sen","Sel","Rab","Kam","Jum","Sab","Min")) | T65: =IF($B65="","",DATE(YEAR(B65),MONTH(B65),1)) | U65: =IF(OR(OR($B65="",$C65=""),H65=0,P65=0),"",H65/P65)
P66: =IF(OR($B66="",$C66=""),"",SUM(K66:N66)) | Q66: =IF(OR(OR($B66="",$C66=""),I66=0),"",P66/I66) | R66: =IF(OR($B66="",$C66=""),"",IFERROR(P66/INDEX(PARAMETER!$C$10:$C$14,MATCH(C66,PARAMETER!$B$10:$B$14,0)),"")) | S66: =IF($B66="","",CHOOSE(WEEKDAY(B66,2),"Sen","Sel","Rab","Kam","Jum","Sab","Min")) | T66: =IF($B66="","",DATE(YEAR(B66),MONTH(B66),1)) | U66: =IF(OR(OR($B66="",$C66=""),H66=0,P66=0),"",H66/P66)
P67: =IF(OR($B67="",$C67=""),"",SUM(K67:N67)) | Q67: =IF(OR(OR($B67="",$C67=""),I67=0),"",P67/I67) | R67: =IF(OR($B67="",$C67=""),"",IFERROR(P67/INDEX(PARAMETER!$C$10:$C$14,MATCH(C67,PARAMETER!$B$10:$B$14,0)),"")) | S67: =IF($B67="","",CHOOSE(WEEKDAY(B67,2),"Sen","Sel","Rab","Kam","Jum","Sab","Min")) | T67: =IF($B67="","",DATE(YEAR(B67),MONTH(B67),1)) | U67: =IF(OR(OR($B67="",$C67=""),H67=0,P67=0),"",H67/P67)
... P85: =IF(OR($B85="",$C85=""),"",SUM(K85:N85)) | Q85: =IF(OR(OR($B85="",$C85=""),I85=0),"",P85/I85) | R85: =IF(OR($B85="",$C85=""),"",IFERROR(P85/INDEX(PARAMETER!$C$10:$C$14,MATCH(C85,PARAMETER!$B$10:$B$14,0)),"")) | S85: =IF($B85="","",CHOOSE(WEEKDAY(B85,2),"Sen","Sel","Rab","Kam","Jum","Sab","Min")) | T85: =IF($B85="","",DATE(YEAR(B85),MONTH(B85),1)) | U85: =IF(OR(OR($B85="",$C85=""),H85=0,P85=0),"",H85/P85)

Sheet RINGKASAN
A1: Ringkasan Performa
A2: ="Per tanggal "&TEXT(PARAMETER!C5,"dd-mmm-yyyy")&" | Target ER "&TEXT(PARAMETER!C6,"0.0%")
A3: VERSI DEMO: kapasitas & fitur dibatasi, data simulasi. Versi lengkap: WhatsApp 089623291732
A5: PER PLATFORM
A6: Kategori | B6: Posting | C6: Jangkauan | D6: Interaksi | E6: ER Jangkauan | F6: vs Target | G6: Biaya Iklan (Rp) | H6: Biaya/Interaksi (Rp) | I6: Rata-rata Jangkauan
A7: =IF(PARAMETER!B10="","",PARAMETER!B10) | B7: =IF($A7="","",COUNTIFS(POSTINGAN!$C$6:$C$85,$A7)) | C7: =IF($A7="","",SUMIFS(POSTINGAN!$I$6:$I$85,POSTINGAN!$C$6:$C$85,$A7)) | D7: =IF($A7="","",SUMIFS(POSTINGAN!$P$6:$P$85,POSTINGAN!$C$6:$C$85,$A7)) | E7: =IF($A7="","",IF(C7=0,0,D7/C7)) | F7: =IF($A7="","",E7-PARAMETER!$C$6) | G7: =IF($A7="","",SUMIFS(POSTINGAN!$H$6:$H$85,POSTINGAN!$C$6:$C$85,$A7)) | H7: =IF($A7="","",IF(OR(G7=0,D7=0),0,G7/D7)) | I7: =IF($A7="","",IF(B7=0,0,C7/B7))
A8: =IF(PARAMETER!B11="","",PARAMETER!B11) | B8: =IF($A8="","",COUNTIFS(POSTINGAN!$C$6:$C$85,$A8)) | C8: =IF($A8="","",SUMIFS(POSTINGAN!$I$6:$I$85,POSTINGAN!$C$6:$C$85,$A8)) | D8: =IF($A8="","",SUMIFS(POSTINGAN!$P$6:$P$85,POSTINGAN!$C$6:$C$85,$A8)) | E8: =IF($A8="","",IF(C8=0,0,D8/C8)) | F8: =IF($A8="","",E8-PARAMETER!$C$6) | G8: =IF($A8="","",SUMIFS(POSTINGAN!$H$6:$H$85,POSTINGAN!$C$6:$C$85,$A8)) | H8: =IF($A8="","",IF(OR(G8=0,D8=0),0,G8/D8)) | I8: =IF($A8="","",IF(B8=0,0,C8/B8))
A9: =IF(PARAMETER!B12="","",PARAMETER!B12) | B9: =IF($A9="","",COUNTIFS(POSTINGAN!$C$6:$C$85,$A9)) | C9: =IF($A9="","",SUMIFS(POSTINGAN!$I$6:$I$85,POSTINGAN!$C$6:$C$85,$A9)) | D9: =IF($A9="","",SUMIFS(POSTINGAN!$P$6:$P$85,POSTINGAN!$C$6:$C$85,$A9)) | E9: =IF($A9="","",IF(C9=0,0,D9/C9)) | F9: =IF($A9="","",E9-PARAMETER!$C$6) | G9: =IF($A9="","",SUMIFS(POSTINGAN!$H$6:$H$85,POSTINGAN!$C$6:$C$85,$A9)) | H9: =IF($A9="","",IF(OR(G9=0,D9=0),0,G9/D9)) | I9: =IF($A9="","",IF(B9=0,0,C9/B9))
A10: =IF(PARAMETER!B13="","",PARAMETER!B13) | B10: =IF($A10="","",COUNTIFS(POSTINGAN!$C$6:$C$85,$A10)) | C10: =IF($A10="","",SUMIFS(POSTINGAN!$I$6:$I$85,POSTINGAN!$C$6:$C$85,$A10)) | D10: =IF($A10="","",SUMIFS(POSTINGAN!$P$6:$P$85,POSTINGAN!$C$6:$C$85,$A10)) | E10: =IF($A10="","",IF(C10=0,0,D10/C10)) | F10: =IF($A10="","",E10-PARAMETER!$C$6) | G10: =IF($A10="","",SUMIFS(POSTINGAN!$H$6:$H$85,POSTINGAN!$C$6:$C$85,$A10)) | H10: =IF($A10="","",IF(OR(G10=0,D10=0),0,G10/D10)) | I10: =IF($A10="","",IF(B10=0,0,C10/B10))
A11: =IF(PARAMETER!B14="","",PARAMETER!B14) | B11: =IF($A11="","",COUNTIFS(POSTINGAN!$C$6:$C$85,$A11)) | C11: =IF($A11="","",SUMIFS(POSTINGAN!$I$6:$I$85,POSTINGAN!$C$6:$C$85,$A11)) | D11: =IF($A11="","",SUMIFS(POSTINGAN!$P$6:$P$85,POSTINGAN!$C$6:$C$85,$A11)) | E11: =IF($A11="","",IF(C11=0,0,D11/C11)) | F11: =IF($A11="","",E11-PARAMETER!$C$6) | G11: =IF($A11="","",SUMIFS(POSTINGAN!$H$6:$H$85,POSTINGAN!$C$6:$C$85,$A11)) | H11: =IF($A11="","",IF(OR(G11=0,D11=0),0,G11/D11)) | I11: =IF($A11="","",IF(B11=0,0,C11/B11))
A12: TOTAL | B12: =SUM(B7:B11) | C12: =SUM(C7:C11) | D12: =SUM(D7:D11) | E12: =IF(C12=0,0,D12/C12) | F12: =E12-PARAMETER!$C$6 | G12: =SUM(G7:G11) | H12: =IF(OR(G12=0,D12=0),0,G12/D12) | I12: =IF(B12=0,0,C12/B12)
A14: PER FORMAT
A15: Kategori | B15: Posting | C15: Jangkauan | D15: Interaksi | E15: ER Jangkauan | F15: vs Target | G15: Biaya Iklan (Rp) | H15: Biaya/Interaksi (Rp) | I15: Rata-rata Jangkauan
A16: =IF(PARAMETER!B17="","",PARAMETER!B17) | B16: =IF($A16="","",COUNTIFS(POSTINGAN!$D$6:$D$85,$A16)) | C16: =IF($A16="","",SUMIFS(POSTINGAN!$I$6:$I$85,POSTINGAN!$D$6:$D$85,$A16)) | D16: =IF($A16="","",SUMIFS(POSTINGAN!$P$6:$P$85,POSTINGAN!$D$6:$D$85,$A16)) | E16: =IF($A16="","",IF(C16=0,0,D16/C16)) | F16: =IF($A16="","",E16-PARAMETER!$C$6) | G16: =IF($A16="","",SUMIFS(POSTINGAN!$H$6:$H$85,POSTINGAN!$D$6:$D$85,$A16)) | H16: =IF($A16="","",IF(OR(G16=0,D16=0),0,G16/D16)) | I16: =IF($A16="","",IF(B16=0,0,C16/B16))
A17: =IF(PARAMETER!B18="","",PARAMETER!B18) | B17: =IF($A17="","",COUNTIFS(POSTINGAN!$D$6:$D$85,$A17)) | C17: =IF($A17="","",SUMIFS(POSTINGAN!$I$6:$I$85,POSTINGAN!$D$6:$D$85,$A17)) | D17: =IF($A17="","",SUMIFS(POSTINGAN!$P$6:$P$85,POSTINGAN!$D$6:$D$85,$A17)) | E17: =IF($A17="","",IF(C17=0,0,D17/C17)) | F17: =IF($A17="","",E17-PARAMETER!$C$6) | G17: =IF($A17="","",SUMIFS(POSTINGAN!$H$6:$H$85,POSTINGAN!$D$6:$D$85,$A17)) | H17: =IF($A17="","",IF(OR(G17=0,D17=0),0,G17/D17)) | I17: =IF($A17="","",IF(B17=0,0,C17/B17))
A18: =IF(PARAMETER!B19="","",PARAMETER!B19) | B18: =IF($A18="","",COUNTIFS(POSTINGAN!$D$6:$D$85,$A18)) | C18: =IF($A18="","",SUMIFS(POSTINGAN!$I$6:$I$85,POSTINGAN!$D$6:$D$85,$A18)) | D18: =IF($A18="","",SUMIFS(POSTINGAN!$P$6:$P$85,POSTINGAN!$D$6:$D$85,$A18)) | E18: =IF($A18="","",IF(C18=0,0,D18/C18)) | F18: =IF($A18="","",E18-PARAMETER!$C$6) | G18: =IF($A18="","",SUMIFS(POSTINGAN!$H$6:$H$85,POSTINGAN!$D$6:$D$85,$A18)) | H18: =IF($A18="","",IF(OR(G18=0,D18=0),0,G18/D18)) | I18: =IF($A18="","",IF(B18=0,0,C18/B18))
A19: =IF(PARAMETER!B20="","",PARAMETER!B20) | B19: =IF($A19="","",COUNTIFS(POSTINGAN!$D$6:$D$85,$A19)) | C19: =IF($A19="","",SUMIFS(POSTINGAN!$I$6:$I$85,POSTINGAN!$D$6:$D$85,$A19)) | D19: =IF($A19="","",SUMIFS(POSTINGAN!$P$6:$P$85,POSTINGAN!$D$6:$D$85,$A19)) | E19: =IF($A19="","",IF(C19=0,0,D19/C19)) | F19: =IF($A19="","",E19-PARAMETER!$C$6) | G19: =IF($A19="","",SUMIFS(POSTINGAN!$H$6:$H$85,POSTINGAN!$D$6:$D$85,$A19)) | H19: =IF($A19="","",IF(OR(G19=0,D19=0),0,G19/D19)) | I19: =IF($A19="","",IF(B19=0,0,C19/B19))
A20: =IF(PARAMETER!B21="","",PARAMETER!B21) | B20: =IF($A20="","",COUNTIFS(POSTINGAN!$D$6:$D$85,$A20)) | C20: =IF($A20="","",SUMIFS(POSTINGAN!$I$6:$I$85,POSTINGAN!$D$6:$D$85,$A20)) | D20: =IF($A20="","",SUMIFS(POSTINGAN!$P$6:$P$85,POSTINGAN!$D$6:$D$85,$A20)) | E20: =IF($A20="","",IF(C20=0,0,D20/C20)) | F20: =IF($A20="","",E20-PARAMETER!$C$6) | G20: =IF($A20="","",SUMIFS(POSTINGAN!$H$6:$H$85,POSTINGAN!$D$6:$D$85,$A20)) | H20: =IF($A20="","",IF(OR(G20=0,D20=0),0,G20/D20)) | I20: =IF($A20="","",IF(B20=0,0,C20/B20))
A21: =IF(PARAMETER!B22="","",PARAMETER!B22) | B21: =IF($A21="","",COUNTIFS(POSTINGAN!$D$6:$D$85,$A21)) | C21: =IF($A21="","",SUMIFS(POSTINGAN!$I$6:$I$85,POSTINGAN!$D$6:$D$85,$A21)) | D21: =IF($A21="","",SUMIFS(POSTINGAN!$P$6:$P$85,POSTINGAN!$D$6:$D$85,$A21)) | E21: =IF($A21="","",IF(C21=0,0,D21/C21)) | F21: =IF($A21="","",E21-PARAMETER!$C$6) | G21: =IF($A21="","",SUMIFS(POSTINGAN!$H$6:$H$85,POSTINGAN!$D$6:$D$85,$A21)) | H21: =IF($A21="","",IF(OR(G21=0,D21=0),0,G21/D21)) | I21: =IF($A21="","",IF(B21=0,0,C21/B21))
A23: PER PILAR KONTEN
A24: Kategori | B24: Posting | C24: Jangkauan | D24: Interaksi | E24: ER Jangkauan | F24: vs Target | G24: Biaya Iklan (Rp) | H24: Biaya/Interaksi (Rp) | I24: Rata-rata Jangkauan
A25: =IF(PARAMETER!B25="","",PARAMETER!B25) | B25: =IF($A25="","",COUNTIFS(POSTINGAN!$E$6:$E$85,$A25)) | C25: =IF($A25="","",SUMIFS(POSTINGAN!$I$6:$I$85,POSTINGAN!$E$6:$E$85,$A25)) | D25: =IF($A25="","",SUMIFS(POSTINGAN!$P$6:$P$85,POSTINGAN!$E$6:$E$85,$A25)) | E25: =IF($A25="","",IF(C25=0,0,D25/C25)) | F25: =IF($A25="","",E25-PARAMETER!$C$6) | G25: =IF($A25="","",SUMIFS(POSTINGAN!$H$6:$H$85,POSTINGAN!$E$6:$E$85,$A25)) | H25: =IF($A25="","",IF(OR(G25=0,D25=0),0,G25/D25)) | I25: =IF($A25="","",IF(B25=0,0,C25/B25))
A26: =IF(PARAMETER!B26="","",PARAMETER!B26) | B26: =IF($A26="","",COUNTIFS(POSTINGAN!$E$6:$E$85,$A26)) | C26: =IF($A26="","",SUMIFS(POSTINGAN!$I$6:$I$85,POSTINGAN!$E$6:$E$85,$A26)) | D26: =IF($A26="","",SUMIFS(POSTINGAN!$P$6:$P$85,POSTINGAN!$E$6:$E$85,$A26)) | E26: =IF($A26="","",IF(C26=0,0,D26/C26)) | F26: =IF($A26="","",E26-PARAMETER!$C$6) | G26: =IF($A26="","",SUMIFS(POSTINGAN!$H$6:$H$85,POSTINGAN!$E$6:$E$85,$A26)) | H26: =IF($A26="","",IF(OR(G26=0,D26=0),0,G26/D26)) | I26: =IF($A26="","",IF(B26=0,0,C26/B26))
A27: =IF(PARAMETER!B27="","",PARAMETER!B27) | B27: =IF($A27="","",COUNTIFS(POSTINGAN!$E$6:$E$85,$A27)) | C27: =IF($A27="","",SUMIFS(POSTINGAN!$I$6:$I$85,POSTINGAN!$E$6:$E$85,$A27)) | D27: =IF($A27="","",SUMIFS(POSTINGAN!$P$6:$P$85,POSTINGAN!$E$6:$E$85,$A27)) | E27: =IF($A27="","",IF(C27=0,0,D27/C27)) | F27: =IF($A27="","",E27-PARAMETER!$C$6) | G27: =IF($A27="","",SUMIFS(POSTINGAN!$H$6:$H$85,POSTINGAN!$E$6:$E$85,$A27)) | H27: =IF($A27="","",IF(OR(G27=0,D27=0),0,G27/D27)) | I27: =IF($A27="","",IF(B27=0,0,C27/B27))
A28: =IF(PARAMETER!B28="","",PARAMETER!B28) | B28: =IF($A28="","",COUNTIFS(POSTINGAN!$E$6:$E$85,$A28)) | C28: =IF($A28="","",SUMIFS(POSTINGAN!$I$6:$I$85,POSTINGAN!$E$6:$E$85,$A28)) | D28: =IF($A28="","",SUMIFS(POSTINGAN!$P$6:$P$85,POSTINGAN!$E$6:$E$85,$A28)) | E28: =IF($A28="","",IF(C28=0,0,D28/C28)) | F28: =IF($A28="","",E28-PARAMETER!$C$6) | G28: =IF($A28="","",SUMIFS(POSTINGAN!$H$6:$H$85,POSTINGAN!$E$6:$E$85,$A28)) | H28: =IF($A28="","",IF(OR(G28=0,D28=0),0,G28/D28)) | I28: =IF($A28="","",IF(B28=0,0,C28/B28))
A29: =IF(PARAMETER!B29="","",PARAMETER!B29) | B29: =IF($A29="","",COUNTIFS(POSTINGAN!$E$6:$E$85,$A29)) | C29: =IF($A29="","",SUMIFS(POSTINGAN!$I$6:$I$85,POSTINGAN!$E$6:$E$85,$A29)) | D29: =IF($A29="","",SUMIFS(POSTINGAN!$P$6:$P$85,POSTINGAN!$E$6:$E$85,$A29)) | E29: =IF($A29="","",IF(C29=0,0,D29/C29)) | F29: =IF($A29="","",E29-PARAMETER!$C$6) | G29: =IF($A29="","",SUMIFS(POSTINGAN!$H$6:$H$85,POSTINGAN!$E$6:$E$85,$A29)) | H29: =IF($A29="","",IF(OR(G29=0,D29=0),0,G29/D29)) | I29: =IF($A29="","",IF(B29=0,0,C29/B29))
